0,11.281,0,0,12.907,0,0,0,0.22956,7.157,0,0,8.6491,0,0,0,0.10072,0,12.895,25.608,0,4.4537,0,0,20.606,0,0,0,0,2.6434,0,0,4.3659,0,0,0,0,0,0,0,4.3072,0,48.506,2.0868,0,5.7578,0,15.097,19.749,0,14.183,184.23,0,0,24.577,7.8501,0,0,0,3.6224,0,0,0,0,8.8156,4.4244,0,56.396,0,425.94,0,0,0,52.11,0,0,0,0,0,0,0,0,0,0,0,0,0,0,0,0,0,0,0,56.712,24.002,46.351,24.133,39.448,25.488,0,0,41.998,24.108,20.805,9.3399,15.46,10.157,30.711,24.425,94.766,69.908,148.16,58.722,65.956,7.625,43.941,4.8038,0,10.282,38.122,10.335,4.9872,0,0,22.928,0,11.467,2.1738,36.678,2.9748,15.737,63.435,2.5008,20.78,2.2066,16.855,26.981,20.096,60.195,1.9899,11.226,135.97,23.939,58.791,23.202,10.417,7.3779,0,16.631,1.5123,0,41.362,35.674,19.049,0,8.2569,41.734,83.042,44.218,0,28.742,0,0,0,47.056,11.618,0,62.787,0,0,0,22.253,1.8679,0,7.0875,12.639,1.1615,0,28.181,0,110.27,45.213,12.981,0,24.079,31.771,42.442,43.765,21.52,16.523,12.476,0,43.943,8.032,12.684,20.841,28.56
150,25.131,0,0,12.287,0,0,0,0,0,0,0,2.0614,0,0,1.9683,32.049,16.281,2.3727,92.928,0,0,8.9772,0,7.5033,0,19.011,21.092,0,5.1318,0,0,0,0,4.6364,0,2.1199,0,0,0,11.654,0,69.222,5.5147,0,4.4564,0,3.5405,45.069,57.889,0,189.22,0,0,31.205,12.241,0,9.4312,0,0,68.6,0,0,0,45.658,0,0,53.279,0,638.46,0,0,0,0,11.475,13.267,0,0,0,0,0,0.12384,6.8234,0,36.55,38.336,0,0,0,0,0,9.3575,34.542,127.9,57.202,80.02,0,5.8667,0,63.946,20.096,42.429,45.304,8.4513,3.0937,125.88,28.016,63.6,23.847,128.47,122.39,189.93,99.07,61.979,18.626,0,18.202,0,5.9375,88.935,6.6541,31.874,0,38.669,14.014,20.806,27.863,33.76,22.034,6.6297,32.842,84.1,0,39.999,40.467,56.502,81.747,18.498,76.656,0,36.351,35.398,0,141.02,52.805,0,48.329,19.069,37.021,0,7.469,0,35.356,21.741,34.24,0,68.516,175.8,45.712,31.366,10.087,20.016,0,0,107.37,7.881,0,111.76,0,17.573,0,30.353,20.269,9.2942,59.075,0,39.852,31.99,3.6836,5.125,325.94,27.094,3.4938,10.172,66.084,77.903,11.354,18.254,50.645,2.1029,29.936,0,105.02,9.7574,5.0227,57.391,96.335
300,79.496,0,46.481,173.62,0,23.281,0,10.04,33.043,13.446,36.171,40,0,26.254,19.37,40.003,63.238,26.077,107.27,0,9.6446,90.719,18.181,27.604,35.689,72.47,20.907,0,36.752,27.387,39.292,42.007,24.152,39.129,20.006,68.825,5.3541,17.443,6.1217,90.791,32.244,118.18,72.956,27.658,21.077,0,39.081,86.36,133.02,24.017,200.33,16.208,0,38.259,72.39,0,14.412,0,25.38,134.88,13.696,0,2.6011,84.245,0,0,115.21,43.438,647.59,3.195,0,0,8.9817,44.038,36.514,17.444,0,41.24,0.1287,35.5,0,0,56.251,103.61,96.459,21.818,3.7066,0,133.34,0,22.609,72.834,146.01,100.54,87.112,68.266,89.006,72.649,79.649,102.12,124.54,91.589,27.779,78.154,308.34,138.12,163.65,65.288,237.83,264.57,259.58,138.1,272.49,106.53,105.78,84.754,20.29,27.801,179.53,61.044,92.879,0.090534,113.18,81.12,155.06,97.974,89.273,111.49,53.982,117.08,180.08,45.919,81.305,124.7,153.39,173.77,120.79,217.08,72.463,178.97,119.69,57.726,137.39,179.23,38.35,103.95,42.323,64.476,39.076,86.402,18.109,156.1,70.996,91.383,31.24,189.39,337.63,96.3,62.346,35.8,47.857,0,30.573,189.23,63.245,27.747,255.41,0,41.972,58.006,55.119,109.01,77.06,94.854,30.387,80.482,131.63,84.118,31.722,369.12,135.85,58.396,20.653,143.43,102.08,60.688,49.876,121.52,18.428,90.265,33.3,264.05,96.786,18.426,141.74,152.59
450,122.59,0,23.899,260.15,0,58.301,4.8501,4.2271,36.988,0,56.441,21.285,0,0.08936,10.156,33.687,107.64,55.127,58.195,13.603,25.29,170.35,62.785,4.9684,42.39,75.839,0,10.327,79.59,37.308,24.1,57.283,0,58.932,8.9755,78.262,92.005,0,5.3085,135.42,53.293,152.37,54.93,58.69,38.693,50.403,43.912,128.96,87.22,84.534,381.81,33.188,69.191,127.42,116.22,0,4.2455,13.231,67.686,271.05,53.097,8.8421,20.026,154.33,46.476,55.751,186.96,33.248,819.99,8.8955,17.854,4.8804,36.863,56.011,76.871,61.095,0,130.44,83.062,27.33,23.931,34.053,89.222,185.55,235.01,52.115,40.568,104.22,237.57,0,39.632,168.97,215.91,126.95,160.22,104.77,85.719,123.75,168.41,221.78,213.01,146.88,52.944,73.392,454.71,180.56,155.97,74.645,423.33,465.85,341.35,160.03,432.62,191.43,133.58,119.68,65.524,29.907,313.85,156.01,241.59,12.388,229.88,177.61,190.66,169.82,87.462,185.08,46.836,196.94,271.05,54.32,165.14,268.31,295.06,195.07,222.86,328.29,91.487,217.21,201.56,64.773,293.32,276.18,70.386,201.8,88.662,89.577,63.875,129.3,82.654,307.56,168.47,242.02,97.852,313.43,461.59,65.545,157.41,29.907,61.04,0,25.269,266.59,196.02,139.06,412.43,11.164,58.15,78.691,100.79,178.22,121.56,156.33,56.651,56.915,153.65,171.95,49.413,0,207.22,63.823,5.8464,137.84,179,130.76,139.35,195.31,45.17,137.94,39.73,373.39,209.12,46.516,193.4,207.32
600,237.97,71.764,74.567,448.73,40.563,188.21,0,4.573,80.56,54.48,131.2,76.099,0,10.411,31.336,70.831,249.72,160.72,128.29,44.894,108.99,274.23,225.54,60.845,94.179,229,52.981,39.941,222.47,78.301,42.828,163.99,23.491,154.88,27.345,168.76,234.25,68.858,31.781,169.04,39.398,250.15,146.35,114.17,57.008,106.21,96.18,204.22,155.51,183.35,585.81,57.53,228.6,164.83,203.25,16.539,49.438,46.278,78.686,431.79,125.56,111.23,82.2,262.28,105.74,93.971,245.64,130.1,1148.6,17.79,44.194,12.143,34.27,98.096,133.72,137.84,11.611,249.44,157.31,25.892,73.853,22.698,210.16,346.54,403.86,127.43,51.606,231,423.03,0,84.561,128.21,315.35,233.77,245.42,136.23,180.67,300.21,407.43,344.8,309.72,283,131.34,137.82,835.68,289.15,298.35,165.17,593.66,689.88,333.08,339.09,722.3,329.46,238.79,261.29,118.31,70.267,537.62,178.35,254.16,69.034,396.44,295.04,369.1,214.74,144.47,454.79,32.206,357.83,424.02,101.94,254.02,439.85,527.97,330.98,328.59,505.53,113.35,329.46,306.69,82.884,497.54,520.82,63.539,396.27,155.41,108.57,152.85,219.86,205.38,447.73,359.38,369.74,152.98,538.52,658.74,106.67,287.94,28.886,122.91,14.989,76.961,477.1,327.62,187.18,766.74,56.74,153.86,177.54,89.711,349.2,287.59,194.63,136.38,177.31,371.06,335.76,93.591,30.844,369.06,119.5,0,190.61,215.09,233.61,222.58,379.66,87.072,219.5,65.515,542.76,416.66,29.955,322.57,300.93
750,349.6,166.99,183.73,689.1,82.458,317.9,19.908,7.6888,112.75,81.671,263.14,72.969,0,53.892,40.227,112.94,427.53,320.45,246.88,130.23,64.757,333.03,336.08,97.422,165.15,377.51,52.103,77.741,277.96,177.63,90.724,263.72,0,275.09,84.875,198.56,384.22,131.27,58.63,168.69,144.41,342.67,284.63,129.95,133.2,186.88,114.06,293.97,307.29,332.24,884.52,91.344,421,196.59,212.3,83.011,166.52,214.71,116.52,640.39,231.61,205.4,252.19,373.17,167.07,200.16,438.86,185.66,1292.7,62.609,89.691,45.854,53.992,98.009,145.61,270.59,40.009,419.25,269.16,175.89,116.37,2.768,366.54,499.87,571.29,225.5,138.07,425.06,744.43,0,198.62,267.49,371.21,414.04,328.42,229.98,199.64,427.12,543.64,535.8,471.88,390.59,208.64,293.61,1238.7,428.27,457.04,173.19,818.15,958.81,427.53,415.7,965.07,500.16,355.14,382.76,185.27,87.949,833.01,347.64,332.95,171.52,632.29,457.32,440.57,292.57,221.37,664.39,56.573,497.64,705.18,98.022,469.64,682.36,766.1,457.72,542.82,819.29,188.84,730.04,494.7,151.92,475.88,728.14,59.669,711.55,314.51,122.06,229.76,340.67,337.04,766.28,698.02,636.1,266.14,711.64,945.87,214.65,543.02,88.419,176.07,0,96.642,735.89,546.82,343.94,1073.2,161.25,308.18,368.25,147.98,613.8,474.42,336.33,282.61,237.02,502.48,546.64,153.02,326.9,587.03,139.31,33.52,188.24,299.61,314.21,380.61,597.35,125.46,318.86,78.466,805.75,669.32,81.051,458.5,393.05
900,521.88,374.07,263.5,1051.4,222.66,512.69,74.136,85.904,283.66,220.28,420.78,165.68,37.699,104.71,79.181,242.67,675.96,482.97,357.07,297.98,289.17,562.05,600.45,172.13,284.51,572.68,198.86,148.34,526.53,289.23,172.31,422.56,68.006,557.89,160.88,316.98,446.75,188.89,133.6,471.19,268.71,557.52,474.77,299.03,155.59,364.13,262.52,471.05,417.3,546.32,1310.5,220.84,616.92,246.86,219.86,124.2,161.93,356.55,147.13,1014.4,333.9,315.57,400.21,636.3,321.14,339.89,664.41,305.07,1691.4,131.78,121.95,57.686,133.33,152.63,229.79,441.62,20.591,591.01,384,248.65,189.94,14.642,554.88,729.4,764.03,308.1,250.91,720.94,1007.5,0,307.12,780.69,408.18,623.08,455.3,345.19,284.38,659.6,845.29,881.4,651.85,638.18,400.57,499.68,1764.3,655.46,613.26,317.45,1066.6,1374.3,429.54,499.3,1388,741.88,410.84,575.47,338.96,175.28,1198.9,498.57,534.9,261.81,923.61,713.7,628.07,474.02,427.44,929.7,95.728,640.62,941.51,105.46,790.68,1059.3,1181.1,636.27,770.92,1023.6,384.44,1007,670.32,249.1,674.51,1117.6,72.406,953.56,509.88,151.36,429.78,457.38,638.1,1283.3,979.9,985.82,495.51,904.25,1280.6,355.02,785.73,126.86,332.25,3.0354,172.41,1039.6,909.53,461.94,1590.2,315.29,563.53,608.39,230.97,740.76,666.88,513.48,454.47,347.68,702.3,835.08,216.76,652.8,742.8,177.38,72.432,196.43,414.26,546.82,650.92,861.41,256.67,473.85,112.55,1091,948.2,135.85,635.76,603.15
1050,737.1,727.45,445.31,1493.5,367.67,710.77,151.45,97.816,347.61,319.75,503.56,242.85,29.947,226.74,83.016,338.15,1081.2,692.41,705.3,519.83,467.02,745.44,868.19,346.64,428.57,877.5,361.89,317.32,762.36,448.38,352.18,524.76,77.365,753.89,196,476.7,752.64,324.9,232.67,637.6,342.72,749.08,706.05,410.45,220.82,552.17,420.83,739.29,668.37,812.77,1917.1,397.31,1017,394.31,488.95,332.72,321.78,709.59,286.62,1424.2,535.17,467.38,687.48,857.91,555.33,511.65,937.76,499.59,2045.7,298.49,242.29,228.75,315.93,345.29,319.06,673.03,105.21,939.13,623.91,431.47,368.98,50.648,844.25,1043.7,1082.5,439.08,515.69,1230.6,1490.5,35.44,507.71,780.37,696.23,925.63,676.31,521.28,414.5,979.63,1227.7,1255,846.17,988.81,556.09,778.51,2433.2,934.28,963.22,378.93,1407.8,1813.3,558.13,691.25,1890.3,1037.8,766.33,808.68,429.76,295.65,1158,768.44,702.51,387.66,1234.2,1005.6,763.99,646.84,715.32,1263.9,56.654,854.91,1322.9,218.23,1218.1,1441.8,1651.4,853.14,1169.4,1424.1,484.49,1414.6,855.36,372.69,919.27,1605.1,235.28,1458,836.73,212.82,775.24,689.78,823.97,1841,1409.3,1409.6,789.16,1204.3,1783.7,521.46,1263.1,235.93,500.81,200.57,400.92,1551,1232,999.15,2234.8,627.08,962.7,1023.6,334.14,982.43,1129.2,804.12,768.38,674.64,1072.2,1278.5,384.03,614.12,846.88,328.69,135.6,269.09,623.73,935.1,1034.4,1232.5,400.06,618.02,183.02,1529.7,1428.1,306.21,910.68,739.73
1200,1077.3,1056.4,750.49,2180.3,621.35,979.9,271.29,130.32,513.75,599.46,847.25,309.6,53.944,398.48,159.78,527.86,1545.7,914.02,904.27,719.38,757.15,1060,1133.6,570.51,647.35,1092.4,607.25,451.5,1124.6,616.8,422.01,791.78,120.97,1155.7,313.81,650.42,1324.7,456.32,349.26,910.52,442.81,1021,956.69,606.71,326.74,764.94,593.07,986.67,888.03,1221.6,2492.9,631.9,1386.3,569,1269.3,561.56,464.34,1091.6,471.03,1848.2,728.5,737.87,1078.6,1147.4,856.51,768.19,1348.4,855.84,2523.8,416.53,521.8,423.72,487.16,629.67,402.43,960.77,193.67,1272.6,861.82,650.72,571.31,104.98,1309.4,1500.7,1423.4,676.04,890.8,1619.6,1971.5,160.77,787.36,1153.1,1003.5,1277.9,935.88,478.04,639.53,1241.9,1547.1,1628.9,1051,1326.3,825.17,959.76,2673,1118.3,1377.3,497.46,1740.4,2200.4,643.42,854.55,2183.8,1392.8,957.75,1124.4,615.77,417.38,1499.6,1086.3,741.41,535.21,1598.9,1351.9,992.92,789,949.41,1556,57.189,1129.5,1706.5,270.57,1595.9,1850.9,2063.8,1238.3,1484.2,1763.2,677.54,1732.1,1282.7,562.97,1149.7,2131.7,496.75,1907.2,1220.4,219.43,1106.1,947.27,1065,2324.9,1898.1,1900.4,1162.5,1439.5,2120.1,779.72,1802.1,315.21,697.78,173.6,523.27,2036.8,1456.9,931.68,2934.4,827.56,1400.6,1499.7,462.08,1274.8,1510.2,1149.9,1125.3,790.31,1372,1602.9,499.32,992.81,1163.6,444.99,170.1,296.1,744.78,1139.1,1486.2,1617.1,532.49,840.4,358.12,2056.7,1901.5,491.85,1100.2,1197.1
1350,1496.3,1331.5,1012.4,2754.8,930.56,1217.3,473.27,249.77,661.73,813.76,1016.6,290.41,122.35,607.45,235.34,761.85,1943.2,1268.1,1022.7,1164.6,1037.6,1524.2,1526.8,821.09,838.13,1531.1,960.1,798.95,1507.1,884.77,710.18,989.45,224.39,1596.9,460.77,930.19,1579.6,667.52,511.48,1139,578.76,1552.1,1167.2,830.4,489.69,1088.8,869.28,1329,1169.3,1572.3,3385.6,966.52,1822.1,814.78,1532.7,857.48,661.07,1443.7,672.32,2435.9,873.8,1116.5,1383.4,1512.5,1173.8,1106.1,1689.1,751.68,2926.8,632.86,683.85,540.53,743.19,914.58,521.27,1337.9,279.29,1613.6,1182.9,839.98,746.19,135.49,1596.7,2004.4,1696.8,994.43,1248.4,2232.1,2513.4,227.67,1114.7,1621.7,1408.6,1708.5,1326.1,829.13,859.73,1923.7,2147,2325.7,1410,1253.8,1152.3,1416.6,3045.7,1425.5,1856.8,748.68,1963.7,2623.2,955.85,1302.4,2376,1920.6,1302.2,1553.7,1018.3,666.53,2536.6,1557.2,1013.8,888.28,1993.8,1506.7,1282.8,1133,1429.2,1874.7,65.529,1441.4,2168.3,505.26,2208.9,2479.8,2684.5,1578.3,2063.7,2102.6,856.43,2596.7,1766.3,881.86,1509,2713,778.22,2560.6,1724.3,359.47,1557.9,1229,1404.8,2824.1,2583.7,2582.9,1609.6,1687.6,2569,1033,2338.8,442.86,965.38,438.64,739.64,2625.3,2037.1,1282.5,3636,1261.7,1910.5,2053.2,513.22,1600.3,2023.2,1514.9,1421,1189.3,1811.9,2199.6,707.28,1521.9,1374.8,626.6,319.83,279.16,1000.9,1513.7,2021.5,2020.2,799.25,1144,608.4,2674.1,2382,749.57,1413.7,1645.6
1500,1805.1,1741.2,1270.5,3534.5,1349.7,1644.9,628.29,318.98,941.1,1229.1,1509.2,378.67,242.1,773.27,408.69,1058.6,2565.1,1557.4,1527.7,1557.6,1404.8,2012.4,1874.7,1171.5,1235.4,1874.9,1351.3,1007.1,2012.9,1150.3,989.5,1208.8,305.49,2123.9,832.97,1217.6,2537.1,874.01,678.69,1478.3,714.17,2043.1,1571.6,1059.1,630.59,1442.7,1162.4,1764.9,1525.9,2112.3,4185.5,1371.8,2337.4,1079.2,2022.2,1190.5,951.87,1878.7,980.22,2988.3,1198,1545.9,1703.4,1958.4,1631.2,1514.1,2307,1038.2,3576.2,840.29,725.23,779.5,1045.5,1237.8,659.34,1755.8,385.61,1917.1,1474.2,1211.2,904.93,151.65,2175,2503.1,2094.4,1306.9,1770.5,2782.2,3075.3,352.3,1569.3,2202.9,1782.7,2146.7,1615.9,1138.3,1152.4,2276,2249.9,2857.6,1779.3,1783.7,1482,1716.9,3588.3,1864.8,2175,949.18,2680.6,3044,1195.4,1745.8,3194,2301.6,1494,2148.9,1742.1,954.67,2265.9,1890.5,1298.2,1156,2333.8,2005.5,1625.6,1358.5,1797.1,2856.9,54.733,1832.7,2596.7,624.11,2594.6,3026.5,3152,1974,2384.1,2450.6,1160.6,3065.7,2078.3,1158.9,2027.5,3313.6,1160.9,2924.1,2001.6,481.52,1961.9,1605,2004.1,3813.1,3438.6,3230.6,2002.6,1981.1,3018.8,1051.1,2996.7,601.32,1237.6,555.93,1358.1,3161.2,2489.1,1637.5,4332.9,1594.4,2456.3,2657.8,680.44,1910.2,2559.2,2002.1,1801.7,1482.7,2245.1,2690.2,891,1955.6,1754.7,1002.3,397.8,284.33,1240.5,1912.8,2379.1,2613,962.26,1481,797.42,3133.7,2870.3,1124.4,1861.8,2169.7
1650,2443.9,2372.5,1762.8,4481.2,1836.4,2174.6,961.18,479.75,1272.9,1763.4,1908.3,675.65,422.41,1231.1,638.95,1561.9,3275.9,2020.1,1833.9,2131,1837.5,2519,2418.5,1667.7,1616.3,2414.3,1871.4,1475.5,2631,1521,1397.9,1644.6,464.04,2906.3,1131.4,1693.1,3279.4,1182.6,1031.8,1980.5,1041,2344.4,2023,1360.3,894.45,1905.8,1423.7,2450.6,1855.7,2721.9,5306.9,1702.7,2882,1383.9,2631.5,1553.8,1288.7,2449.9,1321.1,3447.2,1189,1717.9,2242.2,1873.1,2146.1,1998.5,2793.6,1424.8,4282.2,1052,1271.4,950.5,1323.8,1735.1,902.3,2161,649.17,2372.5,1931.9,1486.5,1100.6,195.19,2503.1,3111,2438.2,1677.2,2222.4,3346.4,3876.7,557.38,1924.2,2590.9,2347.8,2668.4,2017.4,1731.1,1861.8,3043.7,2865.1,3915.3,2291.5,2360.2,2010.8,2248.5,4162.4,2454.5,2911.4,1338.9,3070.5,3845.9,1694.7,2451.7,3439.6,2925.6,2149.8,2635.2,1660.2,1380.6,2872.5,2611.5,1793.7,1538.6,2923.9,2636.2,2092.5,1917.3,2571.5,3492.2,108.58,2272.4,3497.7,886.05,3414.7,3928.1,3887.7,2501.5,3201.6,3257.4,1536,3906.4,2505,1758.8,2385.1,4389.9,1590.4,3654.5,2696.5,662.73,2556.7,2162.7,2370.7,4787,4466.9,4159,2777.7,2473.9,3683.3,1522.9,3708.2,795.78,1754.8,671.05,1876.5,3728.2,3214.3,2171.1,5604.2,2093.2,3423.3,3538.4,755.68,2579.5,3258,2620.3,2676.5,2017.1,2751.7,3221.7,1100.7,2749.4,2174.8,1250.4,612.08,345.48,1608.5,2348.6,3108.8,3592.8,1172.6,1966.2,1221.6,4107.3,3632.3,1640,2278.9,2589
1800,2855.4,2984.4,2097.7,5243.6,2469.2,2705,1306.9,729.22,1563,2336.7,2429.8,741.32,574.75,1652.1,1005.6,1960.6,4022.1,2647.6,2568.7,2694.3,2309.1,3111.7,2713.7,2132.1,1743.3,2937.3,2496.4,1990.2,3339.7,1737.8,1713.3,2179,589.15,3570.3,1685.6,2159.9,4131.3,1499,1411.3,2301.1,1384.1,3334.4,2177.6,1739.2,1074.4,2408.8,1972.1,2778.8,2243.4,3308.4,6238.2,2160.8,3660,1516.9,2960.6,1838,1573.6,3120.1,1775.6,4062.2,1646,2046.2,2916,2573.7,2602.1,2499.8,3102.5,2132.7,4926.8,1391.5,1583.2,1267.4,1742.4,2194.6,1117.9,2652.4,1031.7,2739.5,1982.9,1878.8,1506.1,219,2608.5,3688.1,2835.8,2252.8,2968.3,3897.6,4403,829.6,2494.1,3410.4,3063.1,3275.1,2412,2309.1,2288.3,3674,3614.1,4694.9,2698.6,3039.5,2655.2,2741.3,4646.9,2959.7,3448.6,1638.1,3831.9,4423.3,2059.9,2946.9,4026.4,3380,2690,3339.3,1978.5,1800.1,3413,3408.2,1952.2,1944.6,3211.2,3138,2440,2286.8,2902.8,4193.7,192.18,2741.9,4151.5,1122.8,4031.3,4797.9,4594,3041.3,3804.4,3780.8,1821.5,4716.7,3064.9,2151.6,2462.1,5193.3,2301.3,4435.2,3524.2,899.97,3475.4,2558.3,2832.3,5655.1,5324.3,5100.5,3626.9,3021.9,4412,2135.6,4661.6,1016.3,2235,975.51,2514,4679.4,3757.2,2839,6548.5,2691.1,4035.6,4219.1,945.11,3068.2,3773.5,3176.8,3264.2,2546.3,3427.8,3957.8,1440.9,3497,2795.7,1753.2,847.69,368.09,1932.4,3050.7,3771.3,4475.1,1510.5,2399.5,1882.8,4913.1,4371,2259.7,2995.8,3053.5
1950,3158.9,3492,2518.5,6448.1,3455.8,3184.2,1655.8,954.72,1894.9,2851.6,2054.1,813.24,446.55,2112.5,1227.2,2358.1,4886.4,3313.2,2848.2,3349.6,2851.7,3707.3,3239.5,2617.6,2472.8,3552.7,3037.4,2259.3,4158.2,2127.9,2027,2476.1,562.81,4651.3,2013,2579.8,3969.5,1707.8,1610.5,2772.2,1311.9,4195.9,2707.4,2027.2,1243,2979.2,2362,3635.3,2671.9,3921.6,7623.7,3024.4,4302.9,2210.5,3899.6,2339.4,2023.9,3271.5,2099,4790.2,1942.2,2436,3554.8,2613.2,3142.6,3114.5,3685.4,2649,5689.2,1672.3,1634.5,1598.8,2244.6,2021.4,1397.4,3274.5,571.76,3146.1,2879.5,2439.9,1774.6,146.26,2917.5,3872.2,3143.1,2698.1,3774.8,4786.5,5175.4,1105.3,3130.1,4049.2,3594.3,3888.1,2865.6,2809.1,2460.4,4419.6,5086.9,5575,3054.1,4012.4,3206,3262.3,5028.3,3459.4,4091.3,1918.5,4608.2,4998.7,2550.1,3626.2,4710.5,4247.4,3162,4248,2391.5,2298.8,5532,4091.5,2382.9,2380.4,3697.2,3670.1,2869.8,2521.1,3643.7,4897.3,198.89,3207.5,5212,1461.1,4409.3,5509.4,5318,3577.7,4605.7,4489.3,2224.2,5693.4,3585.6,2685.5,3691.3,6079.9,3100.1,5467.4,4113.4,1211.1,4110.9,3247.1,3690.8,6521.5,6713,6197.1,4591.6,3569.1,5149.6,2774.2,5585.9,1303.1,3035.9,1418.1,3348.2,5492.9,4348,3469.6,7961.9,3608.2,4641.7,5458.4,1154.5,3823.4,4880.7,3935.2,4212,3062.8,4236.3,4874.7,1752.3,4672.1,3466.1,2187.7,1107.2,450.9,2459.6,3542,4406.3,5145.9,1771.9,2982,2545.7,6307.5,5258.9,2973.7,3602.1,3758.7
2100,3550,3991.2,2880,6893.1,3465.7,3624.1,1846.1,1315.1,2224.3,3401.5,2567.6,1131.9,615.53,2598.1,1606.5,2643.1,5584.1,3740.2,3221.4,4088.6,3083.1,3870,3489.3,3377.5,2720.8,4063.6,3306.5,2407.4,4250.3,2207,2427.5,2931.8,731.89,5201.4,2296.6,2902.1,5488.8,1995.7,2004.5,2730.8,1645.8,4712.3,2962,2244.4,1487.4,3540.5,2694.6,4115.1,3333.7,4662.8,8892.6,3565.7,4729.3,2830.4,4294.4,3048.1,2360.9,4368.9,2576.1,5340.4,2096.3,2817.3,4433.7,3455.6,3913.5,3683.3,4251.6,2774.8,6423.3,2021.3,2470.1,1837.9,2881.3,2225.4,1695.1,3914.8,829.85,3510.7,3500.3,3033,1895.4,253.7,3344,4970.4,3614,3389.3,3891.5,5647.4,5433,1388.9,3488.5,4236.1,4218.4,4346.8,3774.4,3363.2,3059.4,5050.4,5781.3,6285.8,3622.1,4682.7,3737.1,3725.6,5119.4,4042,4720.4,2177.2,5023.9,4536.3,2827.9,4140.8,5812.5,4723.4,3668.7,5089.8,2852.2,2767.2,4586.9,4799.7,2684.1,2663.1,4106.4,4071,3401.2,2975.7,4022.8,4778.4,392.52,3571.7,5650.4,1579.1,4989.5,6296.8,5975.2,3810.1,5239,5030.7,2538.9,6608.6,4278.7,3180.5,3658.6,6629.7,3605.8,6034.1,4729.6,1480.8,4553.7,3905.1,4017.2,6902.2,7349.9,6966.1,5292.6,4149.6,5753.8,3208.1,6278.8,1622,3275.2,1679.2,4022.9,6240.7,4689.6,4392.2,8657.4,3689.2,5603.8,6215.4,1412.6,4160.4,5587.8,4338,4656.8,3325.6,4664.9,5201.5,1979.2,5227.5,3971.2,2821.1,1406.1,456.78,2867.5,3996.4,4991.5,5852.7,2190.9,3439.9,2985.6,7102.9,5843.5,3659.4,4023.4,4176.1
2250,4074.9,4524.3,3295,8406.9,4470.2,4245.8,2515.5,1530,2687.2,4341.1,3011.5,1327.5,654.17,3460.6,2031.9,3394.9,6770.2,4579.7,4635.4,4720.5,4090.4,4773.9,4085.4,4058.5,2920.7,4998.7,4463,3087.3,5524.2,2868.3,2915.2,3445.8,776.88,6238.4,2993,3647.3,6458.5,2406.5,2418.7,3590,1603.1,6330.9,3657.3,2718.3,1747.8,3826.9,3331.8,5242.3,3735.1,5625.4,10115,4504.2,5565.7,2960.4,5181.8,3939.1,3002.8,5403,3189.1,5912.8,2413.1,3139.3,4993,3724.2,4729.5,3777,4964,3772.1,7714.3,2374.2,2300.9,2471.5,3432.7,3074.6,1962.2,4678.2,1005.4,3989.6,4297.3,3744.3,1922.2,256.63,4123.8,5974.2,4108.3,3840.5,5361.6,6126.2,6666,1895.1,4264.9,5655.1,5185.3,5451.7,4083.9,4256.1,3711.6,6174.3,7400.1,7808.7,4295.2,5922.5,4628.7,4653.5,5782.3,4652.6,5328.6,2574,6137,5260.8,3567.2,5142,6714,5776.9,4503.7,6614.3,3590.4,3695.3,7651.9,5943.1,3243,3233,4561.5,4918.3,4096.6,3425.6,5243.5,5962.4,510.92,4291.6,7181.7,2091.4,5886,7440.5,7036.3,4385.8,6223.1,6108.5,3106.8,7844.8,5044.6,3984.7,4990.5,7967.6,4740.7,7308.1,6096.9,1841.3,6244.3,5020.9,4966.3,8467.3,9489.9,8543.6,6727.2,5063.1,6979.3,3834.6,7389.2,2036.7,4192.1,2360.4,5449.7,7564.4,5724.7,5704.8,10803,4721.7,6770.6,7577.2,1343.4,5306.2,5481.2,5443,5682.6,4213.2,5565.7,6301.5,2498.1,6516.8,4913.8,3580.7,1894.2,797.88,3647.9,4898.8,4543.9,7115.8,2811.5,4271.6,3705.7,8842.7,6957.4,4639.2,4956.9,5071.6
2400,4900.3,5198.3,3825,9259.6,5160.8,4644,3195.8,2030.3,2991.3,5184.4,3487.9,1353.6,847.8,4295.9,2589.6,3947.3,7697.5,5168.7,5216.1,5445.3,4737,5329.1,4605.7,4816.2,3298.1,5457.9,5338.4,3808,6169.1,3366.1,3385.2,3676,869.67,6948.2,3435.1,4387.8,7676.5,2756.7,2592.1,3992.4,2039.7,7046.9,3985.5,3411.3,2137.2,4329.4,3921.7,6075.5,4187.2,6289.4,11595,5315.2,6024,4095.9,5719.2,4661.6,3655,6342.8,3716.5,6482.6,2861.9,3540.4,5570.7,4366.5,5384.2,4443,5427.7,4388.7,8848.3,2868.4,2650.3,2813.6,4041.1,4362.9,2254.5,5331,1307.3,4535.9,5130.1,4460.3,2247.3,389.56,4287.9,6623.7,4509.1,4445.6,6030.7,6625.8,6796.1,2368.8,4860.1,6791.9,5899.3,5905.1,4109.4,5108,4274.7,7043.1,8421.9,8376.3,4894.2,6913.8,5410.6,5527.5,6100.9,5350.2,6176.4,3003.4,6792.8,5683.6,4009.2,5851.5,7078.4,6154.2,5349.5,7347.1,4067.2,4394.3,8533.3,6599.7,3469.6,3599.3,5068.1,5360.8,4509.9,3900.2,5861.6,6697.1,768.03,4536.2,8302.9,2557.2,6481.7,8466.1,7832.5,5210.5,7080.3,6932.2,3566.3,8787.8,5460.9,4533.9,5050.8,8756.9,5561.1,8175.4,6738.7,2179,7223.6,5718.1,5280.5,8784.9,10270,9164,7666.3,5619.8,7563,4391.9,7958.6,2352.9,4576.9,3168.6,6509.6,8571.7,6335.8,6330.2,11361,5488.3,7071.1,8096.3,1674.1,5493.1,7366.9,6061.1,6407.2,4450.9,5619,7132.1,2794.6,7278.9,5530.6,4086.8,2051.3,875.5,4118.8,5775.9,5668,7806.5,3103.9,5012.9,4473.1,9697,7423.3,5364.4,5514.4,5525.6
2550,5189.6,5831,4199.4,10186,5587.8,5693.5,3531.2,2314.5,3527.6,5578.3,4698.4,1531.6,1013.3,5362.4,3081.4,4163,8593,5753.7,5822,6433.8,5110.2,6073.8,5148.7,5345.8,3743.8,6127.5,7101.6,4039.9,6503.2,3800,3872.6,4018.2,974.76,8154.4,3929.6,4927.5,8072.4,3076.9,3088.6,4378.5,2113.9,8210.8,4505.6,3793.3,2317.7,4793.9,4296.5,6345.4,4698.8,7093,12552,6163.8,6854.4,3793.8,6796.5,5445.9,3986.6,7375,4412.9,7083.5,3148.8,3942.3,6163.8,5903.5,6052.3,5081.3,6000.7,5024.9,9786.5,3315.2,3248.3,3120.5,4926.5,4084.4,2620.3,5862.3,1679.3,4943.5,6481.6,4830.1,3053.2,388.7,4856,7464,4970.6,5188.3,7184.1,7097.7,7781,2887.1,5562.9,7728.6,6871.5,6866.5,5597,5875.2,4762.3,7854.8,9439.1,9081.6,5505.5,7390,5975.8,5693.8,6734.7,5851.9,6761.5,3484.8,7297.2,6254.2,4588.4,6309.6,6790.3,6404.8,6063.2,6385.7,4592.5,3964.7,9489.3,7431.1,3941.4,3958.1,5431.1,5851.7,4626.7,4277.1,6407.5,7289.5,1033.3,4837.3,9521,2745.7,6868.5,9344.5,8575.3,5673.5,8009.6,7774,3966,9846.2,5944.9,3909.9,5491.4,9734.7,6466.9,8828.4,7734.4,2514.3,7908.7,6291.2,6150.7,9634.7,11520,9909.3,8809.7,6218.4,8318.8,5387.1,8910.4,2606,5134.3,3149.6,7519.3,9608.5,6893.2,7025.8,12414,6750.7,8659.8,9385.6,1344.7,6119.3,7012.6,6648.5,7147.5,4501.2,6108.6,7721.7,2923.6,8219.4,6280.7,4528.6,2230.9,853.59,4129.4,6414.6,5447.5,8844.1,3580.7,5347.1,5067.2,11243,8160.5,6236.2,5967.8,6279.5
2700,5717,6503.2,4585.1,11392,6458.7,6255.3,4228.4,2597.7,3981.1,6486.2,5405.2,1755.3,1374,5388.2,3630.9,5443.9,9495,6678.6,6008.2,7226.2,6059.3,6916.6,5305.3,6283.1,4623.5,6894.4,8323.7,3921.3,6900.3,4348.3,3983.4,4900,1067.2,9081.1,4723.2,5554.5,9200.6,3643.2,3238.7,4769.4,2656.5,8677.4,4955,4404.3,2903.3,5464.7,4711.7,6884.5,5323.6,7903.7,14238,5953.8,7809.7,4991.6,7821.9,6259.3,4520.2,6479.9,5171,7331.1,3589.2,4439.2,7169,6742.2,6688.9,5921.8,6670.5,5113.8,10629,3723.8,3989,3777.7,5463.3,5528.9,3030.8,6679.6,2010.5,5359.8,6373.2,5649.7,3575.5,566.29,5591.2,7751.5,5549.6,5847.2,7750.2,7960.7,8460.4,3183.2,5344.2,8333.7,6642.1,7838.2,5151.8,6133,5436.6,7932.7,10243,10519,6389.4,8732.2,7128,6846.9,6954.6,6726.4,6999.4,3992.3,8221.5,6752.5,4942.8,6828.7,8912,7094.1,6766.4,8147.4,5252.1,4882.2,9175.9,8421.3,4781.4,4672.4,6087.6,6546,5537.1,4836.4,8160.5,8292.9,944.02,5434.9,10712,3641.4,7520.5,10125,9421.3,6478.9,8849.3,8443.2,4434.3,10867,6771.6,5032.6,6630.1,10869,7483.8,9621.6,9006.4,2901.2,9084.1,7272.5,6206.8,10301,13324,12014,9932,7144.8,9612.3,5938.5,9446.2,2762,5553.9,3533.6,8537.7,10565,7967.9,8023.1,13990,8498.4,9849.7,11350,1359.7,6903.5,9105,7547.8,7992.7,4710.5,6769.4,8439.8,3181.4,9569.1,7086.4,5023.4,3007.8,789.42,4777.1,6912.4,6177.7,9942.2,3717.3,5680.6,6027.2,12549,8679.7,7130.8,6804,6831.2
2850,6257.1,7303.1,4891,12305,7408.4,6267.3,4936.9,3008.4,4349.3,7397.7,5594.4,1964.6,1490,5683.9,4212.5,5777.6,10500,7524.3,6537.6,8121.8,6784.1,7585.6,5838.5,7250.6,4964.7,7672.8,8689.9,4337.7,7525.3,4691.1,4755.2,5228.3,1141.1,10206,5419.3,6065.9,9717.3,4092.4,3503.3,5221.6,2682.8,9868,5240.3,4699.8,3317.4,6213.7,5199.2,7509.3,5819.3,8282,16164,6369.3,8500.5,5826,8337.3,7255.6,5123.4,7538.9,5537.1,8240.1,3979.1,4711,7599.5,6309.5,7561.9,4931.3,7482.4,6027.7,12189,4185.1,4462.3,4298.9,6348,5882.8,3337.5,7045.8,2369.1,5777.8,6324.4,6256.6,3918.3,651.8,6068.4,8786.4,5811.7,6457.7,8855.3,8320.5,9329.5,3854,6625.5,9343.7,6720.8,8677.4,5759.2,6819.1,6112,8932,11434,11743,7130.1,9621.1,7750.2,7294.9,7171,7370.9,7599.9,4392.5,8671.4,7562.7,5762.6,7476.1,8964.6,7669.4,7348,8654.2,6347,5713.5,11954,9635.8,5434.4,5028.2,6833.8,7002.3,5999.2,5347.2,9404.5,8811.8,1225.1,5657.7,12134,3979,7743.9,11793,10217,7147.9,9643,9195.1,4863.4,11800,7049.8,6201.3,7471.5,12110,8324.9,10817,10296,3396.9,8529.5,8211.5,7024.8,11426,14550,11535,11441,7450.6,10561,7098.5,10241,3148.6,6461.2,3520.3,9909.1,10935,8695.8,8702.2,15245,9578.8,10765,12177,1486.8,7462.6,10162,8268.7,9037.8,5093.1,7124.9,9117.9,3481.9,10595,7721,5796.5,3311.4,894.61,5088.1,7441.5,7249.8,11212,4129.6,6498.2,6731.8,13696,9273.7,8212,7585.2,7547.8
3000,7119.3,8302.3,5359.4,13471,8321.3,6786.3,5510,3597.1,4976.4,8403.4,6348.9,2234.4,1732.2,6293.4,4842.5,6441.3,11391,8017.3,7310.1,8868.2,7379.7,8898.6,5232.6,8196.5,5617.2,8150.8,10447,5148.3,8563.2,5326.1,5380.4,5981.2,1217.1,9900,6339.5,6692.4,9720.1,4606.8,3976.8,5926.8,3044.2,9258.7,5732.2,5176.6,3729.4,6962.7,5855.7,8166.3,6362.7,8929.8,17922,7459.4,9204.6,6273.8,9673.2,8055.8,5466.6,8280,6199.3,8832.5,4277.6,5454.2,8083.8,8239.4,7975.9,5557.4,7607.9,6685,12510,4806,4972,4752.2,6789.4,6447.9,3800.2,7912.1,2665.6,6180.8,7056.7,6969.6,4236.5,649.92,6414.6,8775.1,6260.5,7238.3,9731.7,8813.1,9835.2,4227,7001.6,10138,7566.5,9343.7,6448,7822.8,6796.8,10111,12410,12952,7466.9,10682,8333.7,7905.1,7684.9,7984.3,8294.9,4809.6,9347.8,7830.3,6251.9,8537.1,9893.8,8078,8168.1,9651,7508.6,6775,13194,10626,6092.5,5441,7277.1,7601.1,6832.1,5833.8,10338,9811.2,1689.7,5898.2,13863,4757.3,8490.4,12785,11090,8043,10083,10260,5352.9,13113,7973.7,6701.4,8440.4,12992,10003,11489,11407,3679,9327.4,8771.2,7557.9,10871,15695,10945,12840,8499.4,11396,7902.1,10971,3524.1,7235,4140.2,11107,11436,8422,9645.3,16680,10530,11863,13556,1598,8002.4,11150,9288.5,10064,5903.8,8683.2,10063,3872.8,11758,8689.5,6399.8,3871,922.73,5514.4,8165.3,8119.6,11975,4676.9,6912.1,7793.7,15126,9906.7,9140.9,8094.3,8143.9
3150,7806.2,9129.4,5865.2,14657,9045.2,7606.2,6258.5,4138.6,5345.3,9629.3,8025.3,2524,2166.4,7044.7,5648.7,7323.5,11642,9070.1,7208.6,9700,8001.6,9412.2,6946.7,9025.2,6214.7,8976.6,11271,5673,9465.3,6052.2,5993.3,6615.6,1299.1,10714,7358.4,7404.4,11661,5226.6,3985.3,6494.4,3205.5,10270,6714.8,5668.6,4166.7,7835.8,6458.5,8922.7,6772.7,9689.7,19178,8163.9,9687.1,6785.3,10097,8863.6,5957.1,9200.7,6556.8,8987.5,4424.7,5850,9047.9,7565.6,8669.9,5854.7,8454.7,7243.2,13206,5266.4,5321.6,5058.4,7595.5,7122.3,4165.8,8230.2,3102.2,6637.5,7273.3,7609.1,3406.4,643.96,6881.5,11129,6820.9,7839.4,10355,9336.2,10518,4069.5,7772.5,11728,7124.2,9803.2,6472.3,8561.9,7661.8,11323,14034,14030,8454.8,11729,9399.6,8540.6,8270.8,8801.9,8994.6,5569.7,10176,8545.8,6840.9,9295.1,10883,9308.8,9162.4,10959,8055.5,7666.6,14155,11682,6734.1,5777.7,8183.1,8546.3,6559,6418,11360,10756,2153.6,6750.7,15021,5233.5,9401.8,13815,12440,8819.4,11690,11137,6317.1,13122,8705.2,7681.4,8450.9,14244,11026,12529,12651,4089.6,10103,9329.3,8422.2,12677,16960,13450,14051,9434,12629,8728.6,11995,3993.3,7997.7,4558.7,12421,12445,9084.1,10863,18209,11297,13212,15402,1857.3,8909.8,12212,10552,11035,6884.3,9660.9,11202,4223,13162,9941.8,6900.4,4357.6,1114.3,5742.6,9151.6,8969.2,13234,5287.7,7892,8477.7,16938,10635,10753,9050.2,9013.7
3300,8457.7,9967.8,6169,15294,9438.6,8065.4,6880.1,4688.6,5762.5,10442,8801.4,2817.9,2496.9,7745.1,6002.1,7797.6,12406,9503.9,7836.5,10179,8818.6,9926.9,7216.4,9651.2,6560.5,9668.6,12295,5820.2,9932.5,6612.8,6207.3,7023.9,1467.3,11752,8130.8,7948.4,12487,6137.6,4394,6993.1,3423.6,12109,7004.6,6113.9,4601.2,8553.9,6594.2,9467.8,7345.9,10392,20063,8820.2,10335,7896.3,11141,9570.8,6336.6,11492,7249,9737.7,4734.4,6289.4,9138,9720.7,9248.3,6263.7,8453.9,7796.4,13042,5698.2,5670.9,5241.5,8030.9,7788.9,4403.3,8846.8,3465.2,6631.7,8118.1,8116.8,4246.3,614.36,7384.7,11576,7420.3,8491.7,10814,9472.9,11667,5134.1,8299.6,11881,9411.6,10720,6368.1,9418,8429,12232,15006,15274,9041,12677,10368,9285,8461.9,9296.7,9450,5749.3,10844,9168,7420.9,9839.5,12143,9866,9691.6,11574,8477.2,8309.3,15310,12690,7378.3,6881,8287.2,8473.4,7551.1,6881.4,12308,11075,2522.8,5931.8,15873,5625.9,9242.4,13957,12716,9225,12063,11515,5303.5,15559,8771.4,8251.6,8886.9,14994,11845,12686,13608,4557.8,10411,10679,8911.2,12795,17597,11969,14216,10156,13277,9544.8,12222,4211.1,8529.8,4881.6,13651,13504,10179,10423,19068,10774,13659,15525,1855.7,9048.3,12632,11023,12032,7472.7,10189,11655,4555.2,13737,10378,7914.5,4794.2,1101.5,5661.9,9779.3,9202.5,14029,5596.6,8199,9299.8,17618,11087,11546,9772.3,9454.5
3450,9363.1,10550,6854.2,13487,10231,8681.9,7726.8,5450.4,6466.2,12028,9915.4,3209.8,2822.4,8593.1,6956.9,8651.7,13229,10368,8710.9,11182,9758.2,10815,6509.3,10896,7343.9,10545,11003,6401.7,10385,7213.5,6865,7464.2,1681.1,13051,9139.6,9183,13561,7808.2,4820.5,7454.8,3741.1,11141,7834.7,6713.8,4973.9,9479.2,7235.4,10450,7734.4,11172,21716,9858.2,10641,8392.5,12019,10453,6721.5,12721,7891,9970.3,5183.3,6657.8,9700.2,10732,10010,6692.7,9235.2,8383.8,13924,5996.3,5958.2,5690,8523.6,8430.3,4955.1,8764.7,3927.7,6933.1,8550.6,9055,4645.3,644.4,7718.7,12368,7928.6,9226.6,11885,10253,11773,5425,9272.1,12902,10614,11440,7052.5,9959.6,9045.6,13280,16550,16817,9762.5,13782,10906,9732.4,8794.6,9845.9,10352,6324.3,11457,9461.6,8107.7,10994,12315,10415,10742,12687,9404.5,9235.2,16777,13681,7729.5,6749.1,9171.2,9259.2,7898.4,7328.5,12945,12667,2994.1,6084.2,17282,6168.6,9974.6,14469,14616,10277,13365,12542,5731.6,16626,9724.8,9321.7,9716.2,15579,13151,13575,14444,4797.3,11308,11256,9746,11991,19585,13234,15443,10809,13901,10296,13011,4033.9,9364.1,5190.6,14792,14870,10620,11331,20607,12112,14739,16839,1923.9,9445.4,13996,11842,12706,8123,10832,12601,5005.2,14215,11317,7150.3,5141.8,930.86,6128.1,10421,9985,15540,6107.7,8546.7,10213,19075,11498,12028,10109,9915.9
3600,10189,11303,6501.7,14684,11890,9321.6,8100.7,5979.4,6707.7,13166,10695,3667.7,3074.6,9221.7,7622.3,9913.6,13953,11104,8795.9,12140,9863.4,11798,7440,11433,7981.7,11288,11535,6774.2,10973,8171.9,7450.5,8326.8,1863.9,14049,10015,9795.5,14622,7595.3,5422.4,7911.9,4073.5,8691.4,8165.8,7350.9,5475.8,10109,7779.9,11085,8146.6,11735,22547,10645,11390,8359.3,12146,11205,7083.7,14024,8562.5,10331,5176.9,7038.2,10018,11159,10432,6759.9,9474.1,8742.2,15863,6584.6,6522.1,6191.4,8933.7,9090.2,5346,9130.8,4333.6,7201.2,8939.1,9841.1,5857.4,634.31,8114.2,12977,8307.9,9527.5,12220,10706,12061,6462.7,10156,13797,11076,11382,7989.2,10445,8997.8,14344,17199,17371,10282,14427,11392,10139,9247.5,10229,10744,6603,11704,10608,8341.1,11318,13180,10575,11128,12913,9735,9588,17530,14708,7870,7867,9669.8,7110.3,8109.1,7488.3,14045,12997,3309,6100.5,18816,6448.4,10351,14757,15477,10280,13561,12989,5968.8,17851,9621.1,9755.5,9784.7,16242,13955,14695,15161,5187.1,12483,10962,9611.2,12664,20052,14102,16531,11710,14955,10906,13522,4780.5,10194,5636.6,15747,15692,10428,12000,21896,12882,15513,18079,2014.1,9973.9,14813,12190,13345,8434,11409,13207,4836.2,15420,11761,10127,5523.6,751.5,6514,10807,9791.1,15618,5734.2,8803.5,10623,20537,12157,12602,10947,10444
3750,11528,12208,7915.9,15408,12679,9925.3,8779.4,7045.6,7254.4,14230,11871,3863.7,3736.1,10491,8563.1,9781.5,14868,12250,10479,13102,10520,13041,7739.7,12082,8807.7,12173,12558,7620.7,11356,8993.2,7397.2,8569.1,2241.7,14990,10997,10528,15414,8550.6,5820.6,8640.3,4545.1,12665,9010.8,7849.8,6093.4,11022,8441.8,11815,8887.1,12626,24049,11585,11609,9465.4,13041,12221,7762.5,14795,9363.7,10647,5745.4,7149.2,10684,10461,11312,9698.1,9799.6,9313.9,16396,7055.3,6969.5,6712.2,9812,9622.7,5757.4,9681.3,5039.4,7545.2,9765.3,10471,5358.7,1023.2,8724.3,12360,8605.2,10759,12901,10766,12882,6649,10631,14350,11952,11987,8426.6,11132,9984.7,15506,17928,18161,10619,14691,13213,10380,9719.2,10946,11273,6067.5,12381,10144,9152.9,11975,13070,11329,11572,13601,10099,10768,16519,13800,8369.7,7717.2,9701,9718,8704,8009.5,14698,13633,3776.5,8042.2,19688,7038.3,10492,14946,15731,11167,14549,14060,6439,18425,9883.3,10552,10333,17690,14431,14818,15585,5497.1,12404,11302,9911.1,12913,19989,15420,16604,11440,15380,11193,13090,4099.7,10314,5865.1,15823,17259,10500,12217,20521,13184,15685,18412,1975.4,10424,15570,12752,13583,8343,11655,13576,4246,16247,11892,11230,5842.4,432.29,6353.6,11347,9969.5,15430,5191.2,8959.3,11117,20753,12091,13717,11157,10824
3900,12302,13030,8656.7,17015,13604,11040,9811.8,7999.1,7933.8,15523,12926,4511,4270.8,11770,9416.6,11126,16039,13221,10420,14255,11037,13797,9846.8,12981,9536.5,12880,13645,8456.2,12406,9997.9,7944.2,9233.1,2541.6,16241,12074,11336,16368,7970.2,6306.7,9359.4,5072.4,10914,9648.8,8257.8,6702.8,12212,9532.2,12856,10108,13590,24899,12452,12408,10192,14147,13298,8497.2,15853,10383,11702,6310.6,8091,11423,11348,12352,7967.4,10447,8572.8,16301,7869.1,7561,7413.5,10632,10629,6656.6,10645,5430.7,7907.6,10216,11574,6937.4,1202.4,9295,13499,9595,11247,13711,11908,13831,7338.5,11707,15263,11501,13242,8790.3,12194,10913,16783,19235,19846,11754,16060,13804,10221,10324,11995,12064,6472.6,12993,10943,9748.8,12849,14408,11747,12750,15425,11186,11809,19337,14869,9199.6,8635.9,10603,10388,9402.4,8919.8,16084,15515,4519.6,7289.3,21000,7913.6,11425,15834,17543,12228,15709,15086,7203.1,19435,10502,11624,11471,18929,15910,15940,17327,5806.5,13611,12695,10735,13277,21413,16815,18161,13058,16702,12414,14460,3997.6,11814,6822.6,17958,16935,11316,13402,22240,14198,16726,19759,2008.6,10931,16809,13698,14530,9321.3,12421,14854,4865.5,17272,12879,13083,6537.8,604.75,6936.3,12225,10489,16550,5861.2,9619.8,11837,22495,13017,14703,11940,12066
4050,13392,13615,8692.4,17589,14268,11271,10092,8508.5,8236.5,16561,13830,4895.8,4587.7,11653,9803.6,10927,16678,13638,10519,14401,11812,14300,10184,13664,10041,14112,13942,8517.5,12994,10331,8423.3,9732.6,2653.3,18094,12762,11684,17062,8488.8,6568.9,9476.5,5514.6,15125,10102,8771.4,7276.8,12470,9711.5,13421,10242,13679,25765,13963,12913,11042,14620,14016,8785.3,16405,10902,11793,6258.3,8480.4,11857,11664,12410,8729.9,10648,8622.2,18317,8190.1,7936.8,7684.5,11075,10894,7006.9,10884,5792.5,8025.4,10505,12285,7038.1,1159.9,9561.2,13673,9808.2,12025,14341,11642,14189,7861.9,12294,15617,11328,13691,9587.5,12160,11428,17684,20221,20288,11936,12213,14140,11332,10545,11995,12492,7673.3,13103,11935,10056,13554,14756,12446,13129,15615,11325,12149,19529,16004,9312.3,8810.6,10889,10228,9260.3,9118.1,16585,16023,4759.5,6841.6,21440,8180.3,12048,16699,17868,12474,16035,15619,7699.4,19439,10765,11698,11506,18845,16307,16441,18513,5859.6,13795,13481,10621,13375,22358,17701,18625,12309,17035,13399,15583,4354.9,12311,6957.5,18559,18735,11704,14059,22977,15235,17701,20722,2381.4,11179,18031,14586,15125,9405.3,12978,15418,4993.4,18089,13353,13367,6867.7,437.67,6970.9,12640,11008,17302,6036,10260,12409,23258,13720,14737,12571,12158
4200,13615,14157,8833.6,17781,14235,11594,10384,8711.4,8224.9,17026,14369,4970.4,4797,12655,10210,11667,17067,14044,10993,15006,11516,14577,10227,14604,10353,15334,14705,9425.6,13067,10382,8598.1,9674.5,2622.5,18812,13381,12370,17576,8775.5,6499.9,10011,5424.4,15038,10458,8899.7,7256.4,12907,10153,13371,10471,13988,26820,13293,13368,10536,14830,14668,8941.5,16872,11436,12455,6346.7,8534.7,12382,12077,12473,8152.9,11320,8900,18790,8629,8122.7,7942,11421,11260,7244,11183,6066.4,8199.7,10953,12855,7312.5,1199,9826,14083,10443,11937,14767,11981,14766,8250.6,12707,16396,11767,14159,9353.8,12188,11624,18570,21133,21356,12272,12698,14952,11397,10363,12131,12596,7914.9,13329,12078,10309,13757,15293,12624,13218,16073,11764,12852,20309,16445,9507.2,8461,11448,10731,9572,9269.9,17019,16568,5010.7,7469.2,21987,8739.2,12232,17368,18180,12790,16430,15923,8029.7,20038,11486,11783,11709,19500,17381,17019,19096,6149.8,14594,14253,11070,14002,22835,18218,19228,13481,17875,13697,15486,4323.4,12768,7542.6,19583,18866,11784,14875,23865,15831,17764,20124,2384.8,11895,18328,15008,15775,9957,13261,15907,5215.1,19381,13940,14047,7036.8,840.26,7853.5,12953,11400,17651,6267.9,10317,13064,24177,13504,15273,12919,12831
4350,14056,14361,8471.8,18033,14362,11829,10890,8928.3,8199.5,17138,15483,4747.9,4940.1,12830,9170.1,11629,17354,15121,11335,15633,11930,14561,10616,14991,10673,15356,14617,9882.6,13279,10922,8635.2,10082,2526.5,19624,13667,12946,17453,9416.4,6770,10231,5539.7,15127,10620,8890.9,7194.8,13463,10363,13707,11348,14287,26970,14371,13333,10990,15339,15079,9475.4,17310,11879,13117,6679.8,9196.5,12366,13196,13459,10016,11771,9344.4,19314,8988.2,8915.9,8145.2,11799,11590,7641.7,11452,6537.7,8309.7,11458,13436,7497.1,1417.7,10147,14634,10582,12251,15122,12173,14607,8731.8,13071,16847,11921,14531,9574.9,12890,12127,19647,21940,21738,12654,13470,15641,10633,11052,12577,12897,8475.1,13392,12077,10479,14078,15538,13487,13746,16945,12019,13177,20645,16718,9882,9525,11671,10564,9735.8,9492.4,17313,17227,5436.3,7377.4,22579,9094.5,12487,18144,18960,13162,16532,16880,8190.7,20414,12064,12351,12097,19812,17628,17424,19891,6412.8,14810,15190,11040,14044,23042,18292,19629,14249,18051,14117,16654,4630.1,13145,7944.3,19911,20777,12480,15270,24575,16901,18727,20063,2725,12082,20084,15459,16197,10317,14103,16472,5506,19041,14005,14640,7561,773.07,7917.4,13603,11548,17944,6545.3,10537,13673,24866,14241,15729,12980,13054
4500,14846,15147,8966.6,18585,14995,9798,11159,9282.3,8823.5,17882,16440,5300.1,5395.7,13475,9912.8,12549,18049,15546,11882,16263,12614,15310,10979,15552,11375,16460,14672,9522.8,14072,11207,9252.1,10771,2928.9,20273,14542,13091,18198,9888.8,6901.7,10535,5905.1,15915,11221,9218.1,7787.8,14340,10496,14004,11916,14886,28485,15148,14253,11932,16103,16120,9865.7,18488,12850,13517,7354.3,10035,13227,16485,11758,9728.1,12093,10187,20331,9825.7,9378.5,8649.4,12446,12337,8104.8,12296,7055.7,8817.4,12018,14657,8163.2,1729.8,10634,15635,11371,12655,15976,12950,15822,9734.3,13878,17868,12564,15255,10397,13330,12701,20369,22408,22459,13116,18310,16319,10935,10996,13292,13427,8997.9,14320,12232,11318,15070,16285,13882,14268,17547,12969,14253,21163,17924,10460,9936.1,11546,11483,10690,10118,17858,18312,5742.1,8071.1,24057,10779,12929,19164,19699,13785,17435,17833,8865.4,20983,12691,12796,12736,21147,18276,17978,21678,6687.7,15347,15683,11316,14194,21451,19570,20521,14800,19045,14713,17138,4748.2,14021,8148.6,20554,20818,13336,15719,24872,17160,19697,21188,2723.1,12050,19207,15799,17423,10593,14500,16646,5684.9,19874,14514,15162,8031.3,562.44,7933.2,13672,12091,19117,6807.4,11170,13839,25572,14636,15922,13425,13267
4650,15084,15257,9430.2,18483,14609,9608.8,11377,9390.4,8869.3,17741,16936,5088.5,5546.6,13431,10312,12458,18352,15658,12049,16515,12368,15207,11030,15644,11478,16619,17202,9676.8,13619,11451,9354.6,10661,2836.6,21256,14820,13068,17897,9710.5,6887,10542,5921.9,16472,11139,9096.9,8091.8,13978,10750,14022,12134,14858,27917,15916,14534,11988,16730,16212,10054,18564,13013,13439,7465.3,9572,13077,14289,14381,9793.1,12502,10217,20356,9847.2,9155.7,8848.9,12321,12671,8100.2,12338,7268.4,8963.6,11957,14856,8045.1,1766.1,9998.2,15840,11843,12705,16127,12805,16117,10064,13973,18154,13575,15544,10406,13246,13043,20673,23092,23068,13383,19306,16644,11001,11360,13654,13733,9104.6,14288,12733,11163,14657,16146,14027,14246,17588,13096,14840,21472,17934,10534,10053,11981,11233,11127,10339,18599,18069,5891.8,8438.7,24103,10058,12845,19057,19579,14293,17799,17045,9270.3,21080,12864,13083,12662,21184,19023,18470,23126,7276.3,15543,16436,11796,14721,23353,19992,20625,15510,19481,15182,17293,5089.8,14567,8708.2,20886,20969,13259,16215,25910,18525,19753,21290,3020.6,12724,19519,16560,19570,11011,15283,17063,6086.3,20611,15195,16207,8722.2,1098.6,8217.5,14169,12739,19287,6981.8,11636,14432,26312,14974,16380,13730,13655
4800,14761,15113,9364.9,18194,15017,9598.6,11350,9525.2,8949.9,18375,17682,5209.5,5542.1,13282,10425,12864,18485,16121,12064,16422,12579,15233,10983,15938,11437,16248,17381,10600,13579,11590,9321.8,10992,2753,20872,14963,12295,18225,9637.3,6783.5,10537,5939.4,16554,11021,8717.1,7630.6,14909,10676,14204,12180,14562,27826,16888,14817,12273,16467,16613,10072,18353,12553,13545,7349.8,10193,13224,14381,14072,10502,12516,9961.6,20441,9909.3,8922.6,8893.9,12128,12650,8320.3,12326,7297,8787.8,12202,14908,8454.3,1609,9830.3,15733,11387,13298,15715,12828,16181,10273,14049,17972,15301,15270,10334,13425,13015,20656,23290,22926,13362,18619,17084,12332,11040,13275,13327,9087.7,13868,12935,10887,14628,15634,13738,14047,17861,12931,14806,21000,17357,10501,10285,12042,11054,10733,10355,17976,17991,5889.5,7735.9,23925,11054,12935,19168,19457,14064,17372,17180,9253.7,21615,12464,13156,12414,20767,19127,19130,19993,7594.8,15835,17129,11904,13825,22911,19833,20909,15356,19878,15560,18436,5238.2,14714,8970.9,21387,23546,13527,16796,25774,18913,20329,21874,3145.8,12633,19977,16754,17534,10810,15340,17236,6363,21131,15894,16900,8868,976.18,8667.5,14223,13414,19671,7312.8,11913,14621,26861,15250,17108,14103,13811
4950,15718,15674,9571.9,18407,15037,9882.6,11798,9786.4,9215.3,19209,18214,5335.9,5857.9,13858,10813,12886,18988,16542,12265,17146,13250,15551,10971,16048,11936,17056,18073,10097,13338,12077,9653.4,11421,3159.9,21874,15442,13154,18545,10034,7418.2,10859,6179.5,17114,11466,9008.1,7991.8,15294,11033,14438,12702,14858,27420,15963,14582,12326,16669,16768,10019,18529,12529,13861,7011.7,9736.7,13278,14665,13621,10676,12487,10050,20570,10042,9216.3,8856,12113,12818,8106.5,12217,7204.4,8883.1,11690,14948,8380.6,1388.1,9853.5,15761,11723,13167,16320,12822,16235,9878.5,14248,17879,14685,15619,9997.3,13899,13598,21528,23225,24646,13895,19546,17241,12919,11515,13902,13636,9459.9,14525,13605,11283,14746,16001,14298,14786,18428,13525,15295,21831,18867,11033,10407,12554,11442,11411,10806,18659,18740,6353.6,8547.6,24334,11016,13171,19670,19773,14676,18002,17554,10049,22147,13540,13893,13009,21597,19634,19594,20564,7889.3,16395,17466,12406,14157,23660,20896,21408,16039,20446,16064,19226,5770.2,15019,9511.2,22316,24240,14301,16723,27006,19077,20784,22907,3491.9,13285,21000,17377,18455,11636,15770,17964,6612.4,21614,16352,17722,9300.9,1326.4,9008,14694,13772,20183,7688.6,12175,15194,27102,15751,17616,14569,14398
5100,15097,15119,9398.9,17690,14766,9694.4,11459,9736.9,9073.7,19133,17910,5095.6,5629.3,14040,10688,12743,18766,16079,12099,16693,13237,15517,11332,15657,11860,17063,17661,10913,13526,11946,9516.3,10903,2733.6,21561,15174,12702,18246,9441.6,7311.3,11121,5835.1,17055,11192,8639.4,7943.6,15124,10700,14249,12933,15421,27647,15653,15248,13053,16588,16992,10323,18848,13084,14402,7371.5,10393,13695,17514,14798,9192.9,12862,10328,19244,10497,9509,9149.6,12706,13069,8504.4,12245,7483.3,8982.4,11778,15270,8877.7,1654.4,10006,15916,11785,13361,16709,13016,16488,10365,14809,18255,15036,15847,9967.1,13334,13660,21475,23934,24029,13694,17108,17358,11500,11516,13876,13734,9592.2,14564,13886,10910,14956,16607,14096,14584,18546,13127,15638,21425,18861,11229,10558,12298,11323,11701,10892,18702,18750,6299.2,7723.6,24743,11640,12975,19895,19522,15236,17874,17444,9104.7,21372,13315,13902,12681,21999,19683,18982,20602,8084.4,16334,17517,12289,14378,23737,20656,21032,15593,20633,16305,19103,5781.4,14804,9394,22083,23993,13707,16507,26446,19035,20864,22480,3290.1,13127,21451,17101,18353,11680,15696,18083,6560.9,21495,16533,17485,9484.5,1072.1,8939.7,14651,14003,20105,7379.9,12517,15332,27300,15393,17579,15268,14206
5250,16296,15669,9889.8,18282,15363,10076,12167,10280,9615.1,19864,18663,5675.1,6309.1,14573,11305,13322,19085,17014,12701,17590,13771,16233,12470,16393,12454,17173,17824,10721,14092,12479,10065,11636,3392.6,22606,16099,12871,18851,10308,7355.6,11684,6251,18106,11949,9050.7,8853.5,15263,11562,14506,12743,15750,28379,17047,15522,13291,16937,17343,10656,19412,13008,14184,7721.9,9993.2,13644,15604,15411,9562.8,13278,10576,20606,10722,9575.2,9577.8,12094,13264,8599.7,12537,7760.4,9340.5,12506,15665,8738.2,1736.1,10335,16124,12319,13373,16905,13262,17026,10517,15022,18685,15197,15960,10283,13890,13984,21909,23693,24268,13823,17610,17574,11771,11469,13857,13770,9205.5,14616,14470,11174,15526,16468,14198,14479,18897,13375,16053,21649,19105,11427,10756,12318,11460,11720,11402,18339,19022,6773.7,8569.1,25312,11544,13366,19482,19867,15475,18073,17611,9272.4,21586,13616,14448,13271,22427,20028,19422,21310,8236,16378,17597,12635,13971,24566,20353,20762,16183,21030,16338,19177,6026.7,15264,9703.9,22043,24293,14019,16787,26542,19096,21311,22973,3389.1,13650,21112,17408,18718,12045,15604,18144,6697.9,21598,17514,17846,9763.2,1375.8,9192.9,14794,14473,20356,7617.2,12551,15163,27517,16083,17731,15039,14624
5400,16308,15432,9600.8,18328,14944,9919.7,11596,10156,9499.7,19824,18128,5797.8,6261.7,14619,11197,13209,19231,16569,12771,17332,13808,16004,10851,15813,12500,17225,17709,9789.4,14186,12320,9938.8,11397,3140.3,22248,15890,12585,18328,10072,7234.8,10734,5746.5,14147,11576,8748.5,8267.6,16071,11355,14384,12557,15679,27437,17444,14331,13345,16946,17082,10764,19216,14145,13467,7369.4,9979.2,13205,16750,14674,11237,11687,10760,20926,10719,9570.6,8478.9,12057,13540,8765.1,12205,7755.4,9291.4,12384,15219,8175.3,1643.9,10166,15201,12026,13288,16722,13068,16636,10342,15585,18385,14544,15952,11163,14229,14342,22639,24271,24258,14277,15848,17795,11917,11571,14195,14093,10495,15069,14746,11483,15598,16809,14734,14781,19212,13950,16249,21941,19314,11762,11265,12742,12085,11790,11493,18669,19484,6995.7,8589.1,25839,12173,13423,19978,20370,15930,19011,18122,9388.7,22442,13835,14913,13319,23027,20373,19676,21524,8309.8,15091,17694,12722,14560,23516,20793,21316,16509,20779,16571,19073,5152.9,15635,9984.6,22760,24468,14514,16666,26762,19230,21660,22702,3415.9,13545,21581,18432,19450,12170,15667,18328,6807.7,22200,17728,14600,9971.7,998.39,9298,14782,14812,20863,7844.9,12855,15497,28119,16137,18221,15544,14760
5550,16553,15755,10068,18786,15548,10158,12252,10555,9817.7,20589,18821,6157,6645.1,15289,11789,13832,19789,17548,13132,18435,14506,16170,11153,16934,12811,17997,17254,10320,14487,12962,10331,11825,3620.1,22750,16371,13136,19245,10541,7477.6,11377,5954,17847,12207,9291,9049.5,16153,11860,14833,13474,15887,27940,17126,16077,13742,17493,17812,10853,19829,13937,14621,8084.6,10156,13707,18240,15479,9735.2,13425,11100,21399,11014,9793.7,9881.5,12415,13543,8988.2,11972,8128.4,9516.5,12853,16170,9080.4,1878.3,10460,16816,13069,13711,16891,14024,17587,10743,15771,18912,16028,16180,10427,14132,14923,22633,24269,23902,14086,15857,18071,11919,11496,14293,14022,10736,14870,14570,11499,15077,16773,14525,14967,19050,14080,16353,22109,19531,11490,11140,12572,11556,11975,11408,19281,20122,6855.4,8503.8,25622,11912,13478,19675,20493,15379,18904,18156,9540.4,21652,13637,14786,13458,22980,18987,19388,21773,8337.3,15145,17922,12587,14245,22567,21531,21452,16151,21056,17234,19812,5290.5,15351,9980.9,22687,24562,14462,16483,26389,20116,21592,23015,3425.8,12974,21598,17905,18798,12306,15605,18360,6739.2,22383,17800,14330,9945.9,1226.3,9329.2,14746,14571,20798,7714.2,12823,15165,28155,16166,17811,15525,14292
5700,16626,15777,9972.9,18611,15623,10249,11709,10585,10002,20555,18728,6213.7,6689.1,15329,11780,14028,20210,18268,13328,18797,14324,15912,11285,17188,11504,17818,17238,10412,14666,12843,10429,11793,3319.8,22844,16439,12887,19154,10282,7171.4,11280,5680.2,18541,12316,9072.9,9336.7,17242,11868,14782,13322,15481,28950,16497,15810,13248,17290,18052,10656,19387,13725,14296,7527.1,9936.5,13516,18340,14388,11327,13260,10589,21374,10882,9481.8,9967.3,12118,13432,8932.9,11846,8006.6,9356.9,12592,16155,9244.4,1618.2,10166,16549,12941,13574,16366,13962,17571,10742,15467,18693,15601,16150,10416,14550,14413,23402,24630,23679,14371,18049,18344,12165,11639,14773,14231,11071,15218,15173,11662,15541,17026,14812,14776,19692,14372,15807,22919,20092,11823,11831,13180,12221,12442,11807,19916,20919,7149.2,8893.4,26396,12222,13845,17335,20989,15696,18637,18634,9613.6,21976,14178,15024,13424,23506,19221,19488,19266,8268,14859,17365,12500,14641,22453,21218,22205,16423,20983,16688,19700,5251.7,15049,10309,22589,24780,14836,16810,26070,19356,21816,23153,3366.6,13069,22099,18120,18996,12161,15806,18319,6806.4,21752,18039,14657,9925.2,900.23,9161,14689,14457,20495,8016.4,12663,15564,28255,16146,17769,15410,14440
5850,17152,16414,9422.3,18898,16317,10586,11951,11090,10500,21092,19502,6729.3,7006.6,15711,12181,14351,20228,18546,14123,19048,14701,16068,11487,17665,11610,18473,17228,10657,15233,13575,10621,12294,3837.5,23664,17009,13146,19448,10570,7422.2,12081,5965.6,18484,12629,9502.1,10466,17090,12129,15165,13326,16093,27842,16896,15871,13589,17660,18323,11028,19861,14247,14893,7659,10680,14070,19302,14959,10080,13486,10799,21419,11093,9799.5,10238,12173,13557,9264.5,12520,8309.9,9572.3,13095,16387,9234.8,1796.3,10454,16637,13307,14111,17039,14315,17930,11075,15667,19553,16266,16256,10865,13844,14508,23410,22644,23416,14249,18224,18544,12234,11683,14911,13588,10961,15128,15333,11291,15448,16963,14621,14561,19055,14081,15842,22400,19900,11848,11912,12739,11711,12558,11613,19654,20646,6883.8,8685.5,26381,12141,14026,16651,20997,15694,18524,17984,9363.3,22256,14179,14842,13177,23678,19972,19552,19616,7951,14870,16882,12095,14314,22349,21576,22076,16722,20939,17052,20157,5065.2,14922,10493,22565,25534,14761,16792,26177,19010,21320,23111,3139,12807,22013,18059,19061,11874,15601,18321,6946.3,22019,17846,14335,10633,844.59,9090.6,14800,14399,20378,7729.2,12483,15384,28713,16116,17902,15775,14509
6000,16944,16120,10082,18901,16129,10784,11761,11056,10478,20651,20002,6859.8,6860.7,15845,12142,14617,20233,18382,13664,19019,14823,16019,11303,17461,11873,18788,17260,10497,15917,13569,10651,12441,3908.3,23643,16856,13118,19062,10435,7294.7,11928,5945.7,18493,12687,9434.1,10572,16801,12165,15312,13513,16270,28574,17530,16385,14050,17675,18634,11182,19630,14193,14594,7973.5,10293,14327,19095,15322,11631,13768,10827,21301,11268,9894.8,10341,12365,13583,9244.6,12767,7966.5,9731.8,12853,15902,9303.8,1952.9,10546,16777,13194,14060,16746,14281,18419,11116,15985,19392,16557,16611,10413,14198,14873,23388,22945,23184,14300,17217,18517,12063,11535,15135,13769,11269,15173,15460,11189,15655,16626,15045,14935,19433,14221,15662,22528,19921,11810,11643,13082,11895,12471,11480,19518,20318,6842.8,8658,26229,12351,13843,17293,21131,15766,18679,18222,9545.1,22268,14118,14867,13575,23585,19620,19357,19309,7984,15976,17362,12085,14182,23076,20802,21539,16240,20916,16963,20177,4812.1,14721,9911,23686,24530,14955,16800,26373,18470,20690,23140,2925.8,12641,22421,18061,18647,11986,15704,17899,6647.4,21762,17669,14545,9946.4,974.39,8736.9,14660,14130,20387,7543.9,12589,15135,28249,16284,15467,15184,14260
6150,17334,16694,10176,18600,15788,10424,11675,10909,10546,21092,19650,6885.9,6920.9,15949,11949,14665,20254,18381,13587,18876,14811,15309,11175,17354,11569,18396,17262,10673,15260,13268,10544,12237,4045.3,23645,16669,12993,19202,10313,7391,11899,5961.2,17881,12933,9483.4,10276,16748,12133,15194,14021,16575,28562,16101,16377,13949,18081,18740,11600,19671,14295,14814,7938,10436,14261,19302,16457,12034,13884,10900,21594,11358,10029,10489,12279,13888,9493.4,12912,8408.9,9875.8,13205,16101,9610.3,1900.6,10490,17007,13062,14155,16987,14194,18377,11387,15962,19415,16696,16682,10432,14422,14617,23650,23643,22930,14146,17254,18578,12397,11714,15135,13946,11447,15162,15913,11339,15965,17019,15530,14870,19275,14489,15508,22667,19890,11958,11716,13337,11977,12418,11607,19306,20317,6993.1,8503.5,26207,12260,13840,17970,20797,16237,18817,18474,9611.8,21914,14120,15573,13195,23596,19812,19388,19987,7908.3,14808,17279,12076,14267,23728,20485,21953,16529,20804,16739,20234,4673,14890,10179,22680,24825,15187,16406,26270,18900,21310,22760,3006.6,12766,22272,17960,18622,12010,15835,17997,6872.8,21312,17686,14695,9996.7,644.21,8775.8,14349,15048,20940,7743.3,12311,15221,28611,16114,17321,15390,14379
6300,17198,16448,10209,18553,15881,10245,11323,10929,10532,21022,19650,7046.7,6703.3,15878,11967,14216,20212,18190,13566,18550,14865,15143,11001,17201,11476,18328,17065,10903,15332,13688,10555,12081,3794.9,23252,16404,12803,19010,10181,7348.8,11853,5803.3,18019,12632,9469.1,10276,17244,12020,15109,13882,16522,29640,17594,16345,13880,18085,18702,11463,19604,14075,15051,7856,10779,14199,18659,15920,11691,13667,11220,21308,11264,9838.8,10529,12328,13953,9426.4,12599,8518.1,9656.5,13091,16006,9536.1,1913.5,10447,16858,13584,13997,16392,14128,17679,11299,15776,19050,16985,16730,10480,13574,15215,23315,23307,22513,13936,17067,19196,11810,11583,15246,13494,11401,14984,15765,11041,15586,16955,14943,14375,19284,14304,15301,21948,19681,11605,11624,13027,11879,12556,11728,19036,20595,6965.1,8224.9,26252,12326,13689,16978,21098,15869,18538,18296,9502.2,22549,14073,15465,13210,22640,19639,19411,20365,8673.1,15813,17486,12491,14623,24481,22149,21968,16766,21389,17225,20206,5214.8,15140,10587,21312,24766,15371,17041,26419,17578,22495,23154,3401.4,13174,22492,18452,19186,12614,15682,18472,7598.8,21739,18319,13474,10340,1204.3,9297.5,14601,15713,21080,8281.4,13022,15509,28880,16489,17555,15637,14664
6450,16917,16206,10095,18260,15818,10375,11332,10755,10559,21018,19552,7147.7,6792.6,15687,11823,14266,19907,18061,13431,18518,15009,14930,10905,16912,11941,17823,17090,11340,14886,13771,10427,12052,3816.8,23384,16260,12594,18071,10038,7316.2,11414,5804.3,17740,12685,9397.9,9877,17027,11920,15053,13585,16550,29276,16031,16274,13543,17804,18609,11264,19301,13454,14495,7765.1,10795,14068,16758,15739,11631,13198,10750,21065,10957,9547.6,10410,12105,13689,9246.4,12396,8090,9454.7,12700,15476,9439.3,2378.1,10146,16606,13197,13699,16465,13922,17725,10921,15346,18814,16857,16275,10381,13865,14321,23276,23031,21998,13985,17330,19004,12421,11518,14912,13720,11344,14878,15977,10971,15900,16889,15082,14308,19434,14302,15841,22155,19977,11943,10813,13289,12221,12375,11729,19329,20492,6997.8,8549.2,25791,12628,14035,17264,21202,15853,18618,18281,9461,21956,14244,15549,13186,23068,19442,20232,20221,8299.2,15887,17663,12259,14183,23854,21891,21736,16658,21229,17498,20316,5185.4,14955,10898,22485,24362,15635,16747,26756,19709,22652,23376,3466.3,13221,22805,18410,19248,12735,15075,18093,7485.6,21762,18347,15071,10506,1337.3,9689.1,14632,15517,21096,8271.8,12608,15637,28306,16722,17618,15692,14719
6600,17270,16365,10257,18429,16099,10684,11446,11042,10604,21008,18328,7398.3,6878.9,16416,12061,14660,20016,18487,14056,18863,15250,15625,10956,16885,12716,18681,16904,11489,15250,14003,10592,11826,3927.4,23956,16895,12730,18956,10303,7177,11882,5973.1,18467,12805,9287,10247,17773,11979,15579,14382,17045,29117,17021,16244,14041,18516,18939,11796,17071,11040,15285,8023.2,11176,13938,17513,16124,11988,13568,10949,21653,11336,9908.5,10636,12360,14506,9498.2,12817,8069.4,9888.5,13046,15852,9685.7,1979.6,10347,16982,13428,14350,17309,14555,18178,11282,14833,19106,16271,17226,9732.1,13861,14513,23968,23578,21535,14124,17870,19595,12708,11849,15340,14131,11696,15067,15920,11170,16121,17228,15395,14629,19886,14868,16289,22457,20343,12529,11028,13508,12009,12600,12064,19766,20794,7329.9,8737.1,26645,12820,14490,17714,21140,16616,18599,18562,9754,22825,14623,15734,13822,23589,20157,20509,20364,8658.5,16026,17576,12396,14573,24724,22017,22006,16910,21795,18049,21101,5426.6,15642,11306,21476,24025,16119,17631,26514,18390,22903,23976,3608.9,13447,22299,18805,19721,12860,15390,18760,7590.1,22207,18600,15531,10774,1440.3,9612.5,14794,15746,21666,8663.7,13180,16062,29137,16919,17725,16493,15113
6750,17147,16709,10117,18317,15798,10407,11450,11089,10492,20857,19599,7147.2,6932.4,16424,11839,14760,19772,18006,13952,18577,14171,15273,10507,17256,11629,18366,16356,11024,14773,15231,10806,12250,4083.7,23827,16524,12564,18118,10142,7216,11583,5963.4,18628,12754,9560.8,10196,17285,11952,15378,14020,16860,29553,16661,15827,13835,17951,18663,11673,19140,10917,14785,7972.3,10764,13694,17011,15838,11884,13679,10928,21676,11669,9819.3,10491,12303,14480,9340,12815,7881.2,9522.2,13006,15408,9725.2,2428.9,10428,16831,13444,13835,17296,14262,17180,11189,14571,18960,15011,16306,10440,14223,15769,24119,23752,21001,14300,18069,19450,12437,11843,15542,14217,11831,15386,16053,11546,16114,17005,15302,14793,20176,14649,16610,22398,20647,12401,11365,13673,12036,12134,12268,19933,20981,7229.5,8679.3,26689,13045,14444,17923,21270,16658,18772,18351,9638.6,22898,15276,15908,13593,23681,19980,20103,20376,8568.5,14336,16987,12170,14437,24248,22174,21597,16818,21232,17373,21392,5136.1,15379,11002,21238,23929,16140,17304,26278,17701,22818,24066,3305.6,13175,22066,18353,19797,12725,15176,18399,7585.7,21900,18431,15231,10616,1203.4,9505.5,14657,15827,21419,8267.5,12564,15987,29060,16569,17336,16083,14782
6900,16844,16562,10089,18761,16055,10293,11643,10347,10765,21211,20063,7396.9,7315.2,16460,12187,14742,20259,18464,13369,18933,13426,15611,10956,17623,11970,18854,17327,11658,14705,14317,10780,12524,4215.2,23949,17020,12475,19040,10167,7176.6,11577,5997.8,18745,13067,9769.6,10531,17721,12403,15623,14215,16355,29687,17068,16241,14088,18166,19353,11575,17968,11067,15107,8245.6,10961,13685,16271,16163,10089,13519,11327,21781,11946,10090,10632,12336,14360,9448.3,13060,8010.7,9792.7,13130,15297,9782.6,1888.7,10369,17160,13300,14369,17360,12938,18011,11604,14818,19660,15326,16892,10447,14437,14722,24170,23855,21523,14380,18417,19989,13119,11857,15709,14198,11987,15361,16401,11140,16368,17095,15436,14467,19999,13943,16187,22788,21166,12538,11125,13806,12239,13063,12207,19752,21341,7422.3,8868.3,26946,12970,14673,17906,21299,16702,18660,18764,9857,23901,15070,15667,13409,23901,19908,20062,20038,8449.9,15004,17361,11886,14662,24151,21888,21524,16401,21076,17243,21015,4884.6,15136,11152,21236,24297,15363,17880,26245,18136,22837,24235,3227.4,12965,21886,18618,19893,12746,15347,17725,7495.7,21987,18338,14621,10620,999.42,9256.6,14430,14967,21373,8347.2,12644,16042,29056,16780,17375,15528,14944
7050,16847,16704,10238,17746,15861,10282,11588,10508,10706,20982,18334,7392.6,7001.8,16337,12174,14670,20215,18195,14331,19026,13226,16037,10799,17405,12221,18204,17154,11492,14663,13823,11000,12095,4170.4,23998,16672,12552,18336,10025,6956.2,12258,5985.4,18795,13140,9479.2,10316,17915,12242,15486,14151,15942,29812,17077,15799,14085,17894,19237,11593,17769,11030,15035,8190.7,11220,13325,16819,16176,10165,13543,11690,21858,11934,10233,10510,12348,14316,9375.9,13243,8003.5,9647.5,13124,15518,9878.4,1907.2,10278,17111,13255,14241,17110,13277,17169,11473,14525,19273,15769,16884,10537,14471,14833,24301,24402,21548,14450,17168,19775,13102,11867,15831,14192,12097,15612,16569,11484,16420,17473,15691,14761,20228,15038,16053,22581,21110,12565,11534,13106,12255,13188,12282,19953,21453,7294.6,8708.3,26912,13072,14833,18907,21788,16438,18552,18614,9781.8,23139,15008,15985,12675,23781,20290,20779,20644,8825,15919,17622,12341,14891,24476,21762,21910,16439,21521,17709,21419,5173.7,15364,11524,21103,25384,16591,18079,25949,18513,23077,25068,3413.3,13305,23174,18914,20114,13027,15809,18242,7993.6,22143,18341,15188,10975,1353.4,9925.4,14560,16195,21780,8550.4,12862,16357,29466,17198,17566,16234,15167
7200,17088,17115,10341,17775,16440,10488,11940,10723,10886,21274,20225,7613.7,7461.9,16507,12483,14778,20661,19201,14414,19319,13259,16250,11024,17750,12260,18892,17290,11871,14907,14532,11365,12011,4398.6,24243,16385,12645,18735,9938,7184.3,11858,6273.8,19010,13400,9835.3,10365,17909,12450,15443,14305,15168,30079,17271,16511,14409,18547,19518,11863,18034,11290,15200,8564,11282,13582,17205,16359,10323,13911,12150,22173,12185,10491,10848,12725,14636,9448.7,13317,8315.3,9765.4,13408,15426,10156,2089.3,10447,17352,13588,14432,17370,13384,17839,11714,15135,19785,16223,16801,10846,14409,14925,24313,24368,21403,14323,17706,20016,13135,11883,15979,14376,12100,15323,16133,11487,16336,17317,15486,14938,20162,15167,15979,22592,21466,12576,11348,13291,12305,13268,12212,19426,21868,7472.5,8787,26393,13194,15125,19252,21931,16733,18687,19189,9881.7,23203,15261,16072,11512,23884,20159,20716,21083,8877.3,16038,17704,12335,14706,24293,21235,22087,16553,22015,18133,21361,5177.6,15262,11312,22028,24539,16356,18208,24012,19900,23233,24724,3364.2,13394,22450,19149,20213,12794,15903,18338,7944.8,21969,18503,15223,10832,1335.1,10016,14602,15912,21574,8726.7,12927,16028,29668,17230,17501,16198,15473
7350,17565,17219,10491,17995,16644,10546,12200,10887,11056,21635,18252,7650,7357.2,16645,12479,14849,20682,18397,14585,19451,13341,16666,10946,18090,12248,18650,14945,11807,15070,14687,11383,12896,4468.3,24639,16569,12721,18685,10160,6943.8,12520,6196.3,19122,13562,9915,10705,18808,12592,15792,14479,15539,30312,17185,16018,14546,18716,19870,12049,19824,11356,15496,9024.8,11548,14491,16940,16742,10672,14056,13028,22510,12336,10859,11037,12749,14875,9813.7,13836,8540.7,9861.2,13383,15544,10496,2039.6,10612,17589,13548,14455,17557,13401,18211,11955,15274,20440,16201,17313,11025,14575,15555,24677,24376,21997,14523,17241,19941,13208,11901,16184,14310,12353,15641,16379,11419,16556,17830,15218,15215,20376,15241,16085,22841,21412,12922,11409,13319,12438,13506,12397,19643,21963,7469.4,8910.3,26509,13157,15151,19850,21759,16782,18696,19632,9845.6,23505,15274,16279,11443,24310,20475,20754,21047,6693.1,16132,18109,12116,14660,24903,21728,22478,16021,22106,18531,21603,5182.4,15666,11556,22134,24932,16146,18420,26166,20191,20287,24892,3279.4,13439,22973,19056,20513,13002,16444,18282,8113.5,22233,18631,15360,11221,1129.4,9829.1,14767,16116,21564,8685.3,12732,16249,26782,17583,17140,16318,15296
7500,16736,16405,9948.4,17028,15743,10006,11418,10370,10588,20666,19404,7218,6835.5,16061,11827,14162,19723,17748,13727,18657,12796,16084,10312,17143,11588,18303,16441,11136,14729,13907,10650,12278,4151,23589,15467,12000,17658,9353.6,6606.8,12007,5645.6,18526,12713,9457.4,9927.2,17962,12022,14806,14080,14686,29578,16942,16284,14084,18359,19358,11823,18968,11074,15169,8827.5,11305,13255,16878,16092,10558,13547,12233,22060,12011,10703,10691,12322,14604,9366.9,13384,7962.2,9450.8,13301,15090,10228,2095.3,10047,17035,13309,13984,17318,13075,17476,11736,14784,19596,15911,16765,10732,14328,15195,23897,23774,21386,14100,18503,18811,13084,11499,15606,14051,11799,15148,15994,9529.8,16493,16964,14907,14863,19738,14743,16063,22366,21273,12462,10957,13151,11888,13089,12143,18966,21107,7258.3,8600.3,25317,13062,14995,20896,21063,16411,18328,18957,9756.2,22980,15208,15892,11101,23687,19637,20058,20515,6294.9,15204,17317,11622,14039,23716,20850,21610,15378,21035,17441,20742,4644.8,15129,11171,20592,23621,15959,17526,25297,18677,19315,24383,3054.2,12731,22612,18656,19533,12401,15909,17409,7805.9,21378,17644,14833,10776,1048.4,9310.5,13924,15620,20927,8273.4,12361,15608,24682,16794,16830,15631,14667
7650,17101,17395,10203,17460,16434,10198,11625,10775,10729,21241,20064,7286.9,7226.5,16255,12124,14829,20160,18544,13927,19054,12993,16705,10575,17908,12029,18523,16651,11603,15290,14170,10977,12837,4271.1,24125,15768,12112,18274,9703.7,6814.4,12240,4887.7,18820,13102,9669,9933.2,18483,12333,15447,14449,15230,30188,17266,16339,14408,18714,19833,12110,19578,11252,15427,9025.4,11348,13670,16682,16729,10488,13925,12364,22474,12179,10807,11043,12211,14832,9539,13642,8395.5,9778.8,13521,15157,9388.1,2113.5,10176,17117,13356,14165,17374,13252,17879,11462,15095,19992,16374,17522,10976,14452,14660,24574,23400,22315,14478,16457,18863,13455,11778,16071,14174,12051,14339,16102,11349,16144,16977,15699,14829,19995,14704,16617,22358,20989,12538,11244,13071,12004,13190,12072,19226,21401,7355.5,8944.2,26027,12944,14916,20422,21228,16744,18421,19199,9559.4,23072,15507,16027,12488,23503,19738,19924,19778,6195,15782,17464,11703,13979,23670,20431,21666,15455,20922,17393,21181,4498.6,15081,10867,20918,23559,16232,17429,25510,19171,19417,24542,2960.7,12829,22522,18775,19714,12307,15984,18089,7865.4,21428,17863,14407,10781,692.67,9286.5,14213,15848,20926,8236.7,12445,15655,25439,16835,16161,15346,14962
7800,17196,17032,10329,17306,16324,10050,11607,10608,11326,21424,19823,7285.4,7115.2,16361,12084,14580,20194,18628,14673,19263,12984,16477,10493,17627,11964,18344,16837,11563,14920,14398,10796,11412,4171.7,24239,15574,12138,18672,9606.3,6883.2,12568,5648.5,18553,13240,9764.8,9998.7,18440,12466,15255,14397,14978,29989,17353,16080,14330,18532,19721,11700,17484,11100,15440,8550.4,11105,13542,16158,16496,10218,13945,12181,22233,12223,10772,10793,12404,14944,9492.2,13565,8216,9671.3,13547,15187,10512,1760,10029,17136,13265,14185,17361,13361,17858,11293,14928,20088,15739,17434,10945,14593,15104,24796,24528,22346,14583,16331,19449,13527,11851,15999,14468,12180,15411,16494,11770,16412,17499,15707,14917,20028,14938,16373,22824,21818,12952,11298,13490,12351,13287,12254,19325,22070,7610.9,8887,26135,13317,15496,20237,21736,16846,18832,18727,10190,23535,15560,16338,12044,24367,20166,20415,20534,6491.8,15558,18676,11757,14850,24086,21558,22449,15944,21834,18281,21884,4876.9,15459,11488,21919,24433,16386,18357,25461,20002,20056,25394,3139.6,13265,22734,19279,20501,12996,16734,18074,8262.4,22021,18297,15271,10792,856.71,9841.7,14351,16270,21662,8611.2,12674,16437,25828,17311,17236,16193,14935
7950,17137,17336,10432,17445,16273,10291,11689,10890,11362,21417,20206,7356.9,7245.6,16459,12049,14821,20106,18624,14526,19238,12775,16338,10778,17488,12046,18265,16714,11716,14969,14331,10967,12590,4429.5,24206,15569,11958,18463,9582.6,6907.9,12643,5732,18174,13292,9867.4,9936,18529,12624,15515,14417,15284,30151,17876,15978,14246,18709,19856,11775,17303,11215,15411,8585.3,11134,13234,15967,16728,10192,14083,11965,22448,11593,10828,10676,12656,14779,9469.3,13504,8213,9619.2,13382,15034,10444,1741.3,9995.1,16987,13234,14045,17288,13283,17462,11029,14875,20092,15807,16812,11027,14773,15084,24965,24431,23066,14766,18007,19602,13848,11723,16581,14303,12524,15658,16840,11948,16855,17508,15585,15252,20385,15208,16597,23194,22218,13125,11426,13756,12359,13415,12639,19411,21204,7728.9,8884.4,26369,13577,15776,21210,21949,16839,19084,18872,9980.9,23556,15955,16380,11790,24679,19664,20303,20412,6576.9,15607,18141,11798,14561,23983,21512,22557,15785,21596,17937,21735,4981.4,15164,11286,21844,24303,16428,18365,25658,19538,19993,25445,3252.2,13272,23037,18789,20160,12894,17397,18259,8653.6,21941,17839,15210,11074,981.76,9755.6,14272,16187,21824,8776.4,12692,16377,25524,17210,16941,16157,14851
8100,17359,17461,10219,17160,16353,10110,11251,11034,11128,21163,19948,7398.5,7001.9,16347,11699,14800,20184,16610,14532,18693,12875,16011,10655,17230,11987,18192,16003,11806,14703,14256,10668,12366,5478.4,23609,15316,11704,18239,9515.8,6666.6,12649,5409,18129,13076,9522.7,9941.1,18666,12492,15322,14103,14764,29777,18388,16058,14087,18434,19454,11445,18430,10743,15015,8296.6,11048,13070,16881,15956,10050,13621,11689,22008,11255,10754,10539,12029,14478,9297.9,13296,7962.4,9379.1,13312,14706,10196,1669.4,9720.5,16816,13117,13919,17111,12991,17007,10572,14990,19885,15562,17048,10860,14328,14959,24406,23482,22243,14743,17869,19282,13474,11468,16208,14453,12043,14110,16207,11777,16677,17219,15440,14746,19710,14689,16374,22902,21094,12826,11541,13528,11844,13294,12339,19161,21241,7456.1,8833.4,25713,13408,15419,20710,21336,16749,18869,18617,9825.6,23380,15815,16211,11633,24494,19136,20009,20417,6306.6,15388,17610,11813,13723,22893,21293,21912,15476,20860,17431,21226,4462.7,14635,10275,21329,23704,16102,17859,25305,18945,19771,24846,3041,12713,20493,18290,19666,12520,17002,17529,8211.8,21011,17073,14677,10673,762.21,9299.6,14167,15748,21174,8583.5,12464,15822,25070,16845,16812,15674,14667
8250,16934,17455,10159,17024,16534,9934.5,11397,10900,11242,20935,19679,7325,6916.8,16377,11421,14568,19782,16358,14449,18602,12594,15915,10570,17161,11757,18089,16016,11617,14770,14156,10629,12455,5464.8,23162,15575,11596,17960,9137.3,6606.3,12596,4585.4,17913,12916,9427.8,9720.2,18526,12379,15150,13805,14997,29587,18341,16097,14050,17649,19739,11676,18650,10664,15189,8467.2,10885,13668,15583,16460,10288,13647,11712,21983,11314,10834,10635,11839,14675,9394.1,13479,8084.5,9462.4,13223,14913,10370,1657.9,9685.4,16151,13167,13862,16896,12982,17997,10990,15023,20078,15707,16832,10849,14645,15175,24543,24234,22504,14627,18458,19565,13346,11716,16566,14477,12331,13931,16240,11940,16780,17496,15711,15007,20427,14958,16374,23041,21622,12950,11668,13703,12127,13315,12311,19274,21556,7662.4,8977.3,25529,13588,15696,20882,21349,16746,19062,18694,9807.4,23104,15686,16394,11320,24493,18985,20197,20904,6172.6,15411,17615,11643,14249,22827,20863,22158,15417,21022,17728,20653,4524.8,14583,10336,20774,23752,16385,17895,25465,19151,20175,25253,3017,12448,20156,18265,19855,12600,16785,17723,8325.7,20708,17131,14925,10851,735.7,9843.8,13959,16234,21378,8339,12194,14532,25009,16769,17508,15721,14502
8400,17289,17613,10378,17247,16547,10050,11379,10459,11185,21465,19968,7322.9,7171.9,16478,12139,14726,20207,16500,14419,19068,12670,16054,10696,17196,11903,18117,13732,11971,14538,14361,10785,12640,5532,23161,15758,11916,18241,9294.2,6560.4,12734,5375.8,18198,13129,9598.4,9775.2,18595,12662,15299,14030,14970,29414,18278,15957,14373,18655,20076,11550,17794,10811,15241,8567.6,11218,13984,16793,16581,10436,13826,11716,22500,11448,10891,10839,12138,14998,9555.5,13706,8369.5,9616,13255,15151,10577,1759.2,9872,16198,13143,13853,17087,13195,18259,11290,15151,20379,15464,17073,11100,14347,15032,24373,23514,22862,14678,18422,19321,13320,11538,16201,14399,12213,15341,16137,11665,16687,17223,15528,14736,20168,14754,16640,22802,20851,12850,10931,13541,11946,13260,12261,18979,22055,7519.1,8634.8,25267,12424,15769,20636,21299,16292,19026,18155,9939.1,23230,15528,16468,11565,24208,18973,20225,20913,6319.7,15328,17875,11594,14078,23338,21370,22162,15659,20894,17286,20670,4548.8,14497,10393,20920,23633,16169,18003,25421,18924,20051,25136,3239.2,12439,20219,18357,19900,12908,16793,18051,8177.1,20609,17147,14794,10514,781.29,9687.4,14052,16407,21588,8329.9,12172,13914,25455,16829,17203,15359,14571
8550,17165,17479,10088,16939,16373,9990.4,11291,10888,11178,21049,19573,7129.4,6933.3,16380,11481,14570,19648,16441,14527,18834,12500,15973,10248,17020,12888,17841,15770,11740,14156,14071,10660,12254,5503.9,23310,15615,11513,17840,9238.3,6478.8,12437,5309,17723,12789,9527.3,9478.9,18594,12022,15134,14143,15335,29641,18443,15900,14093,18513,19856,11740,18602,10856,15192,8431.7,11091,13446,16754,16397,10404,13717,11733,22016,11256,10764,10643,12241,14794,9514.2,13464,8213.1,9536.7,13179,14773,10616,1751.9,9896.6,15905,12988,13881,16705,12725,18080,10759,15062,20395,14998,16890,10978,14407,15395,24364,23112,23495,14694,18484,19310,13484,11801,16412,14252,12289,14240,16587,11810,16675,17493,15510,14950,20092,14386,16812,23189,21307,12966,11866,13286,11892,13249,12319,18715,21970,7534.8,8889.5,25239,12409,15612,20886,21477,16360,19007,18530,10143,23007,15658,16607,11954,23912,19212,20427,21163,6247,15047,17830,11699,13749,23123,21298,22299,15582,20864,17705,20917,4674.7,14626,10499,20584,23580,16651,17996,25614,18813,20041,25292,3424.6,12534,20195,18472,19852,13123,16742,17913,8495.4,20025,16951,14796,11241,1000,10117,14211,16646,21471,8723.8,12310,14510,25630,16708,17685,16025,14705
8700,17322,17593,10544,17105,16613,10293,11565,10248,11548,21096,19894,7399.2,7190.4,16645,12066,14730,19933,16684,15017,19042,12815,16216,10703,17039,13176,17940,14279,11975,14563,14604,10939,12528,5777.5,23473,15552,11561,18085,9448.3,6857.5,13163,5506.1,18310,13184,9853.7,9674.3,18756,12434,15340,13569,14972,29023,17861,15725,14074,18625,19406,11526,16469,10300,15020,8311,10784,13170,16945,16315,10218,13671,11597,21680,11145,10527,10594,11878,14635,9510.4,13387,8080.4,9413.7,13195,14758,10476,1761.1,9714.7,15968,12941,13753,14467,12682,18007,10645,14525,20233,14835,16637,11031,14254,15371,24278,22999,23465,14689,18600,19522,13475,11740,16427,14851,12303,14702,16148,11552,16655,17680,15375,14911,20167,14508,16533,23049,21302,13023,11719,13592,11854,13188,12247,18776,21857,7647.6,9234.4,24682,12472,15914,20395,21503,16187,18888,18507,9994.4,22856,15626,16367,12833,23679,18722,20507,20753,6287.1,16263,17756,11250,14217,22939,21036,22112,15270,19844,17629,20518,4679.5,14367,10401,20634,23827,16544,18390,25086,18749,19831,24922,3064.8,12520,19927,18368,19616,13087,16622,18167,8494.6,19660,16956,14755,11009,982.18,10005,14391,16497,21270,8529.5,12185,14408,25214,16434,17775,16067,14943
